Product_Id,Category,Sub_Category,List_Price,cost_price
FUR-BO-10001798,Furniture,Bookcases,260,240
FUR-CH-10000454,Furniture,Chairs,730,600
OFF-LA-10000240,Office Supplies,Labels,10,10
FUR-TA-10000577,Furniture,Tables,960,780
OFF-ST-10000760,Office Supplies,Storage,20,20
FUR-FU-10001487,Furniture,Furnishings,50,50
OFF-AR-10002833,Office Supplies,Art,10,10
TEC-PH-10002275,Technology,Phones,910,860
OFF-BI-10003910,Office Supplies,Binders,20,20
OFF-AP-10002892,Office Supplies,Appliances,110,90
FUR-TA-10001539,Furniture,Tables,1710,1470
TEC-PH-10002033,Technology,Phones,910,750
OFF-PA-10002365,Office Supplies,Paper,20,20
OFF-BI-10003656,Office Supplies,Binders,410,360
OFF-AP-10002311,Office Supplies,Appliances,70,60
OFF-BI-10000756,Office Supplies,Binders,0,0
OFF-ST-10004186,Office Supplies,Storage,670,610
OFF-ST-10000107,Office Supplies,Storage,60,60
OFF-AR-10003056,Office Supplies,Art,10,10
TEC-PH-10001949,Technology,Phones,210,170
OFF-BI-10002215,Office Supplies,Binders,20,20
OFF-AR-10000246,Office Supplies,Art,20,20
OFF-AP-10001492,Office Supplies,Appliances,60,50
FUR-CH-10002774,Furniture,Chairs,70,60
OFF-BI-10001634,Office Supplies,Binders,10,10
TEC-AC-10003027,Technology,Accessories,90,80
FUR-BO-10004834,Furniture,Bookcases,3080,2740
OFF-BI-10000474,Office Supplies,Binders,10,10
FUR-FU-10004848,Furniture,Furnishings,120,100
OFF-EN-10001509,Office Supplies,Envelopes,0,0
OFF-AR-10004042,Office Supplies,Art,90,70
OFF-BI-10001525,Office Supplies,Binders,10,10
OFF-AR-10001683,Office Supplies,Art,20,20
OFF-PA-10000249,Office Supplies,Paper,30,30
TEC-PH-10004977,Technology,Phones,1100,1020
FUR-FU-10003664,Furniture,Furnishings,190,180
OFF-EN-10002986,Office Supplies,Envelopes,110,90
FUR-BO-10002545,Furniture,Bookcases,530,460
FUR-CH-10004218,Furniture,Chairs,210,200
TEC-PH-10000486,Technology,Phones,370,350
TEC-PH-10004093,Technology,Phones,150,140
OFF-ST-10003479,Office Supplies,Storage,80,70
OFF-ST-10003282,Office Supplies,Storage,100,90
TEC-AC-10000171,Technology,Accessories,50,40
OFF-BI-10003291,Office Supplies,Binders,20,20
OFF-ST-10001713,Office Supplies,Storage,210,180
TEC-AC-10002167,Technology,Accessories,50,50
TEC-PH-10003988,Technology,Phones,20,20
OFF-BI-10004410,Office Supplies,Binders,40,30
OFF-LA-10002762,Office Supplies,Labels,80,70
FUR-FU-10001706,Furniture,Furnishings,10,10
FUR-CH-10003061,Furniture,Chairs,90,70
OFF-FA-10000304,Office Supplies,Fasteners,20,20
TEC-PH-10002447,Technology,Phones,1030,850
OFF-ST-10000604,Office Supplies,Storage,210,200
OFF-PA-10001569,Office Supplies,Paper,30,30
FUR-CH-10003968,Furniture,Chairs,320,290
OFF-PA-10000587,Office Supplies,Paper,10,10
OFF-BI-10001460,Office Supplies,Binders,50,40
OFF-AR-10001868,Office Supplies,Art,0,0
TEC-AC-10004633,Technology,Accessories,10,10
OFF-BI-10001078,Office Supplies,Binders,30,20
OFF-PA-10003892,Office Supplies,Paper,150,130
FUR-FU-10000397,Furniture,Furnishings,80,70
FUR-CH-10001146,Furniture,Chairs,210,180
OFF-AR-10002671,Office Supplies,Art,1110,940
TEC-PH-10002726,Technology,Phones,170,160
OFF-PA-10000482,Office Supplies,Paper,80,70
OFF-BI-10004654,Office Supplies,Binders,0,0
OFF-PA-10004675,Office Supplies,Paper,20,20
FUR-CH-10000513,Furniture,Chairs,830,790
FUR-FU-10003708,Furniture,Furnishings,100,90
OFF-ST-10004123,Office Supplies,Storage,70,60
OFF-BI-10004182,Office Supplies,Binders,0,0
FUR-FU-10000260,Furniture,Furnishings,10,10
OFF-ST-10000615,Office Supplies,Storage,30,20
FUR-FU-10003194,Furniture,Furnishings,20,20
OFF-AP-10002118,Office Supplies,Appliances,210,190
OFF-BI-10002309,Office Supplies,Binders,20,20
OFF-AR-10002053,Office Supplies,Art,10,10
OFF-ST-10002370,Office Supplies,Storage,20,20
OFF-EN-10000927,Office Supplies,Envelopes,200,180
OFF-ST-10003656,Office Supplies,Storage,230,210
FUR-CH-10000863,Furniture,Chairs,300,260
TEC-AC-10001998,Technology,Accessories,20,20
OFF-LA-10000134,Office Supplies,Labels,10,10
OFF-ST-10003442,Office Supplies,Storage,160,140
OFF-AR-10004930,Office Supplies,Art,20,20
OFF-PA-10000304,Office Supplies,Paper,10,10
OFF-PA-10003177,Office Supplies,Paper,10,10
FUR-FU-10003799,Furniture,Furnishings,50,50
OFF-BI-10002852,Office Supplies,Binders,30,20
OFF-BI-10004738,Office Supplies,Binders,10,10
FUR-FU-10000629,Furniture,Furnishings,100,80
OFF-BI-10001721,Office Supplies,Binders,50,40
OFF-AP-10000358,Office Supplies,Appliances,80,70
OFF-PA-10003256,Office Supplies,Paper,60,60
TEC-AC-10001767,Technology,Accessories,100,80
OFF-BI-10002609,Office Supplies,Binders,0,0
OFF-PA-10004040,Office Supplies,Paper,20,20
TEC-AC-10001552,Technology,Accessories,240,220
FUR-FU-10004006,Furniture,Furnishings,100,90
OFF-BI-10002794,Office Supplies,Binders,40,30
TEC-AC-10003499,Technology,Accessories,70,60
TEC-PH-10002844,Technology,Phones,30,30
OFF-AR-10000390,Office Supplies,Art,0,0
TEC-AC-10000844,Technology,Accessories,340,290
FUR-FU-10001934,Furniture,Furnishings,40,30
OFF-AR-10000380,Office Supplies,Art,80,70
OFF-BI-10003981,Office Supplies,Binders,30,30
OFF-FA-10000621,Office Supplies,Fasteners,40,40
OFF-EN-10002600,Office Supplies,Envelopes,0,0
OFF-PA-10004965,Office Supplies,Paper,20,20
OFF-EN-10002504,Office Supplies,Envelopes,130,120
FUR-TA-10001768,Furniture,Tables,790,720
OFF-BI-10003650,Office Supplies,Binders,160,140
FUR-FU-10002157,Furniture,Furnishings,50,50
OFF-ST-10000777,Office Supplies,Storage,230,190
OFF-EN-10002500,Office Supplies,Envelopes,120,110
TEC-PH-10003875,Technology,Phones,70,60
FUR-CH-10004063,Furniture,Chairs,600,550
FUR-TA-10004534,Furniture,Tables,620,540
OFF-BI-10003274,Office Supplies,Binders,0,0
OFF-ST-10002974,Office Supplies,Storage,240,200
FUR-FU-10003773,Furniture,Furnishings,240,220
TEC-PH-10002293,Technology,Phones,60,50
OFF-PA-10002377,Office Supplies,Paper,80,80
OFF-FA-10002780,Office Supplies,Fasteners,20,20
OFF-PA-10001804,Office Supplies,Paper,20,20
OFF-PA-10001736,Office Supplies,Paper,40,30
OFF-AR-10001149,Office Supplies,Art,10,10
OFF-FA-10002988,Office Supplies,Fasteners,0,0
OFF-BI-10004781,Office Supplies,Binders,80,70
OFF-SU-10001218,Office Supplies,Supplies,70,60
OFF-AR-10000940,Office Supplies,Art,10,10
OFF-EN-10004030,Office Supplies,Envelopes,10,10
OFF-PA-10004327,Office Supplies,Paper,140,130
OFF-AP-10001058,Office Supplies,Appliances,840,780
FUR-FU-10000521,Furniture,Furnishings,90,80
TEC-PH-10000215,Technology,Phones,380,350
TEC-PH-10001448,Technology,Phones,150,140
OFF-BI-10002735,Office Supplies,Binders,170,150
OFF-AP-10000326,Office Supplies,Appliances,160,140
TEC-PH-10001254,Technology,Phones,200,160
OFF-PA-10001950,Office Supplies,Paper,60,50
OFF-PA-10002254,Office Supplies,Paper,110,100
OFF-ST-10001590,Office Supplies,Storage,80,60
OFF-AR-10001547,Office Supplies,Art,10,10
OFF-LA-10002475,Office Supplies,Labels,10,10
TEC-PH-10004536,Technology,Phones,940,870
OFF-PA-10002751,Office Supplies,Paper,10,10
TEC-AC-10003657,Technology,Accessories,50,40
OFF-EN-10001990,Office Supplies,Envelopes,30,30
OFF-BI-10004002,Office Supplies,Binders,30,20
OFF-AR-10004441,Office Supplies,Art,10,10
TEC-MA-10000822,Technology,Machines,8160,6850
OFF-ST-10000991,Office Supplies,Storage,280,250
FUR-CH-10004287,Furniture,Chairs,1740,1620
OFF-AR-10002656,Office Supplies,Art,30,30
OFF-AP-10002518,Office Supplies,Appliances,180,150
TEC-PH-10003931,Technology,Phones,140,120
OFF-PA-10000659,Office Supplies,Paper,20,20
OFF-PA-10001144,Office Supplies,Paper,110,100
FUR-CH-10003817,Furniture,Chairs,340,290
OFF-AP-10000891,Office Supplies,Appliances,50,50
OFF-LA-10003148,Office Supplies,Labels,20,20
OFF-AP-10002684,Office Supplies,Appliances,100,90
FUR-CH-10004698,Furniture,Chairs,400,370
OFF-SU-10002189,Office Supplies,Supplies,20,20
OFF-AR-10001940,Office Supplies,Art,0,0
OFF-ST-10003455,Office Supplies,Storage,20,20
TEC-AC-10004659,Technology,Accessories,410,380
TEC-PH-10003273,Technology,Phones,500,470
TEC-PH-10004896,Technology,Phones,150,140
TEC-AC-10002345,Technology,Accessories,30,30
OFF-BI-10001890,Office Supplies,Binders,10,10
TEC-AC-10002323,Technology,Accessories,180,160
OFF-ST-10001328,Office Supplies,Storage,40,40
FUR-BO-10002613,Furniture,Bookcases,900,820
TEC-PH-10001552,Technology,Phones,70,60
OFF-PA-10000061,Office Supplies,Paper,50,50
OFF-AR-10003514,Office Supplies,Art,20,20
OFF-AR-10004685,Office Supplies,Art,10,10
OFF-AR-10004027,Office Supplies,Art,10,10
OFF-ST-10001414,Office Supplies,Storage,50,40
OFF-BI-10000343,Office Supplies,Binders,0,0
OFF-PA-10002749,Office Supplies,Paper,20,20
OFF-PA-10002666,Office Supplies,Paper,20,20
FUR-TA-10004289,Furniture,Tables,220,200
OFF-AP-10003622,Office Supplies,Appliances,0,0
OFF-AP-10003217,Office Supplies,Appliances,70,60
FUR-FU-10002960,Furniture,Furnishings,40,40
TEC-PH-10001918,Technology,Phones,440,370
OFF-ST-10000642,Office Supplies,Storage,80,70
TEC-PH-10001700,Technology,Phones,130,120
OFF-FA-10000134,Office Supplies,Fasteners,50,50
OFF-ST-10001522,Office Supplies,Storage,90,80
TEC-AC-10001266,Technology,Accessories,20,20
OFF-LA-10004544,Office Supplies,Labels,20,20
FUR-BO-10004695,Furniture,Bookcases,450,390
TEC-MA-10000864,Technology,Machines,1190,1040
TEC-AC-10000109,Technology,Accessories,90,80
TEC-PH-10002563,Technology,Phones,300,250
OFF-FA-10000585,Office Supplies,Fasteners,10,10
OFF-PA-10004000,Office Supplies,Paper,20,20
FUR-FU-10000087,Furniture,Furnishings,70,60
TEC-MA-10001148,Technology,Machines,480,410
OFF-AR-10001958,Office Supplies,Art,30,30
OFF-AR-10001026,Office Supplies,Art,0,0
FUR-TA-10003748,Furniture,Tables,620,510
OFF-ST-10002485,Office Supplies,Storage,20,20
FUR-CH-10004860,Furniture,Chairs,160,130
FUR-CH-10004477,Furniture,Chairs,390,360
OFF-BI-10001679,Office Supplies,Binders,20,20
FUR-TA-10001705,Furniture,Tables,230,210
FUR-TA-10003473,Furniture,Tables,620,510
FUR-FU-10004017,Furniture,Furnishings,260,250
TEC-AC-10003832,Technology,Accessories,620,500
OFF-PA-10002479,Office Supplies,Paper,10,10
OFF-PA-10003349,Office Supplies,Paper,30,30
FUR-FU-10000576,Furniture,Furnishings,420,340
FUR-FU-10004351,Furniture,Furnishings,10,10
TEC-PH-10000011,Technology,Phones,30,30
FUR-TA-10002607,Furniture,Tables,180,150
FUR-FU-10002505,Furniture,Furnishings,0,0
OFF-ST-10002276,Office Supplies,Storage,170,150
OFF-PA-10004082,Office Supplies,Paper,50,40
OFF-AP-10002945,Office Supplies,Appliances,1500,1380
FUR-CH-10002965,Furniture,Chairs,320,300
OFF-PA-10004569,Office Supplies,Paper,10,10
OFF-ST-10001228,Office Supplies,Storage,80,70
OFF-EN-10003296,Office Supplies,Envelopes,360,330
OFF-ST-10004804,Office Supplies,Storage,80,70
TEC-PH-10001580,Technology,Phones,650,590
TEC-AC-10000290,Technology,Accessories,20,20
OFF-ST-10002790,Office Supplies,Storage,220,180
OFF-BI-10003460,Office Supplies,Binders,20,20
OFF-AP-10002203,Office Supplies,Appliances,0,0
TEC-MA-10003353,Technology,Machines,2520,2170
TEC-PH-10001433,Technology,Phones,330,300
TEC-AC-10004469,Technology,Accessories,80,70
OFF-AR-10003602,Office Supplies,Art,10,10
OFF-FA-10003472,Office Supplies,Fasteners,10,10
OFF-ST-10004180,Office Supplies,Storage,40,30
OFF-EN-10004386,Office Supplies,Envelopes,60,50
OFF-ST-10003208,Office Supplies,Storage,730,590
TEC-AC-10003628,Technology,Accessories,210,200
FUR-FU-10003274,Furniture,Furnishings,10,10
OFF-BI-10002557,Office Supplies,Binders,10,10
OFF-PA-10002615,Office Supplies,Paper,10,10
OFF-AR-10001427,Office Supplies,Art,10,10
OFF-PA-10000673,Office Supplies,Paper,10,10
OFF-PA-10004470,Office Supplies,Paper,20,20
OFF-ST-10000876,Office Supplies,Storage,60,50
OFF-LA-10002043,Office Supplies,Labels,20,20
OFF-BI-10004967,Office Supplies,Binders,0,0
TEC-PH-10001760,Technology,Phones,1110,1050
FUR-TA-10002903,Furniture,Tables,1040,950
OFF-PA-10000474,Office Supplies,Paper,140,130
TEC-AC-10001956,Technology,Accessories,240,210
OFF-PA-10004100,Office Supplies,Paper,30,30
OFF-BI-10000778,Office Supplies,Binders,250,230
OFF-SU-10000646,Office Supplies,Supplies,960,810
OFF-FA-10002983,Office Supplies,Fasteners,20,20
OFF-LA-10004689,Office Supplies,Labels,20,20
TEC-AC-10002001,Technology,Accessories,260,220
FUR-BO-10004709,Furniture,Bookcases,90,80
FUR-FU-10004091,Furniture,Furnishings,300,280
FUR-CH-10001891,Furniture,Chairs,230,190
FUR-FU-10002918,Furniture,Furnishings,220,180
OFF-BI-10004593,Office Supplies,Binders,80,70
OFF-FA-10004854,Office Supplies,Fasteners,30,30
OFF-PA-10002105,Office Supplies,Paper,30,20
OFF-ST-10002756,Office Supplies,Storage,1080,930
OFF-PA-10004243,Office Supplies,Paper,60,50
FUR-FU-10001861,Furniture,Furnishings,80,70
OFF-BI-10002706,Office Supplies,Binders,10,10
FUR-TA-10002533,Furniture,Tables,220,180
FUR-FU-10002671,Furniture,Furnishings,30,20
OFF-AR-10003651,Office Supplies,Art,10,10
OFF-BI-10001072,Office Supplies,Binders,50,50
OFF-AR-10002135,Office Supplies,Art,290,250
OFF-AR-10002804,Office Supplies,Art,0,0
FUR-FU-10001918,Furniture,Furnishings,20,20
FUR-CH-10004086,Furniture,Chairs,470,400
FUR-FU-10001756,Furniture,Furnishings,20,20
OFF-LA-10000634,Office Supplies,Labels,10,10
FUR-FU-10001588,Furniture,Furnishings,90,80
TEC-PH-10002398,Technology,Phones,180,160
OFF-PA-10001937,Office Supplies,Paper,20,20
OFF-AR-10003373,Office Supplies,Art,100,90
FUR-CH-10002602,Furniture,Chairs,140,120
TEC-MA-10002927,Technology,Machines,3990,3670
TEC-AC-10000892,Technology,Accessories,360,300
OFF-FA-10000624,Office Supplies,Fasteners,10,10
TEC-AC-10001908,Technology,Accessories,100,80
FUR-FU-10001967,Furniture,Furnishings,20,20
TEC-PH-10003645,Technology,Phones,290,270
OFF-ST-10000675,Office Supplies,Storage,50,40
FUR-CH-10003312,Furniture,Chairs,790,740
OFF-LA-10001074,Office Supplies,Labels,100,90
OFF-BI-10001524,Office Supplies,Binders,40,30
TEC-PH-10004614,Technology,Phones,80,70
OFF-BI-10001153,Office Supplies,Binders,20,20
OFF-BI-10001982,Office Supplies,Binders,0,0
OFF-BI-10001922,Office Supplies,Binders,0,0
TEC-CO-10001449,Technology,Copiers,960,770
OFF-BI-10004140,Office Supplies,Binders,10,10
OFF-BI-10003314,Office Supplies,Binders,10,10
FUR-TA-10004575,Furniture,Tables,700,570
OFF-FA-10000490,Office Supplies,Fasteners,0,0
OFF-AR-10000122,Office Supplies,Art,20,20
TEC-PH-10000702,Technology,Phones,70,60
OFF-AR-10001374,Office Supplies,Art,10,10
OFF-PA-10001970,Office Supplies,Paper,20,20
OFF-BI-10002160,Office Supplies,Binders,0,0
OFF-BI-10004995,Office Supplies,Binders,4360,4140
FUR-BO-10002268,Furniture,Bookcases,390,350
OFF-EN-10001137,Office Supplies,Envelopes,10,10
OFF-AR-10002399,Office Supplies,Art,20,20
OFF-PA-10002713,Office Supplies,Paper,30,30
OFF-AP-10001124,Office Supplies,Appliances,650,600
OFF-LA-10001158,Office Supplies,Labels,20,20
FUR-CH-10000785,Furniture,Chairs,490,460
OFF-AR-10003732,Office Supplies,Art,10,10
FUR-FU-10000023,Furniture,Furnishings,50,40
OFF-BI-10002412,Office Supplies,Binders,20,20
OFF-SU-10001225,Office Supplies,Supplies,10,10
OFF-ST-10002406,Office Supplies,Storage,100,90
OFF-PA-10002036,Office Supplies,Paper,30,30
OFF-ST-10002205,Office Supplies,Storage,50,40
TEC-AC-10003911,Technology,Accessories,1020,870
OFF-AR-10000658,Office Supplies,Art,10,10
TEC-AC-10002076,Technology,Accessories,480,410
OFF-PA-10003039,Office Supplies,Paper,100,80
FUR-TA-10004915,Furniture,Tables,1490,1300
OFF-AP-10000696,Office Supplies,Appliances,10,10
OFF-ST-10003327,Office Supplies,Storage,20,20
OFF-BI-10000309,Office Supplies,Binders,10,10
OFF-PA-10004734,Office Supplies,Paper,50,40
OFF-BI-10002225,Office Supplies,Binders,50,50
TEC-AC-10004708,Technology,Accessories,40,40
FUR-TA-10000617,Furniture,Tables,380,330
TEC-AC-10002335,Technology,Accessories,80,70
TEC-MA-10001681,Technology,Machines,480,400
FUR-FU-10001935,Furniture,Furnishings,0,0
OFF-AR-10004757,Office Supplies,Art,0,0
OFF-BI-10000050,Office Supplies,Binders,20,20
TEC-PH-10003012,Technology,Phones,250,230
TEC-CO-10002313,Technology,Copiers,1800,1600
OFF-BI-10003982,Office Supplies,Binders,10,10
OFF-BI-10004492,Office Supplies,Binders,80,60
OFF-ST-10000798,Office Supplies,Storage,50,40
OFF-PA-10002552,Office Supplies,Paper,10,10
OFF-SU-10002573,Office Supplies,Supplies,70,60
OFF-ST-10001580,Office Supplies,Storage,40,40
OFF-ST-10000934,Office Supplies,Storage,130,110
TEC-AC-10000158,Technology,Accessories,60,60
OFF-PA-10001947,Office Supplies,Paper,10,10
OFF-AR-10003478,Office Supplies,Art,40,30
OFF-AP-10004249,Office Supplies,Appliances,40,40
TEC-CO-10004115,Technology,Copiers,1200,1130
OFF-PA-10003724,Office Supplies,Paper,30,30
FUR-TA-10002041,Furniture,Tables,1000,800
OFF-PA-10002893,Office Supplies,Paper,10,10
OFF-LA-10003766,Office Supplies,Labels,30,30
FUR-BO-10001972,Furniture,Bookcases,1340,1260
FUR-CH-10003956,Furniture,Chairs,110,100
OFF-PA-10000157,Office Supplies,Paper,140,120
OFF-AR-10004344,Office Supplies,Art,100,90
FUR-CH-10004886,Furniture,Chairs,380,320
OFF-PA-10003845,Office Supplies,Paper,10,10
OFF-AR-10001573,Office Supplies,Art,10,10
OFF-EN-10000483,Office Supplies,Envelopes,20,20
TEC-AC-10004114,Technology,Accessories,200,160
FUR-FU-10004712,Furniture,Furnishings,60,60
OFF-ST-10000918,Office Supplies,Storage,30,30
FUR-CH-10000015,Furniture,Chairs,870,800
FUR-FU-10003347,Furniture,Furnishings,30,30
OFF-BI-10001543,Office Supplies,Binders,290,280
TEC-MA-10000029,Technology,Machines,70,60
OFF-AR-10000369,Office Supplies,Art,10,10
OFF-BI-10004584,Office Supplies,Binders,190,160
OFF-ST-10000617,Office Supplies,Storage,0,0
OFF-ST-10003306,Office Supplies,Storage,710,580
OFF-BI-10000773,Office Supplies,Binders,0,0
TEC-AC-10002600,Technology,Accessories,250,210
TEC-MA-10002937,Technology,Machines,1010,930
OFF-PA-10002230,Office Supplies,Paper,30,30
FUR-CH-10003396,Furniture,Chairs,210,190
FUR-FU-10000246,Furniture,Furnishings,10,10
OFF-ST-10000060,Office Supplies,Storage,190,150
OFF-ST-10003058,Office Supplies,Storage,70,60
OFF-PA-10002222,Office Supplies,Paper,90,80
FUR-CH-10002372,Furniture,Chairs,240,210
OFF-LA-10001317,Office Supplies,Labels,20,20
FUR-FU-10000206,Furniture,Furnishings,0,0
OFF-AR-10000588,Office Supplies,Art,60,50
OFF-ST-10001469,Office Supplies,Storage,160,130
OFF-AR-10001953,Office Supplies,Art,260,210
OFF-AR-10003156,Office Supplies,Art,30,30
OFF-AR-10004974,Office Supplies,Art,10,10
TEC-PH-10002365,Technology,Phones,40,40
OFF-ST-10000142,Office Supplies,Storage,670,570
TEC-AC-10001772,Technology,Accessories,60,50
FUR-CH-10000225,Furniture,Chairs,130,120
FUR-CH-10002331,Furniture,Chairs,750,670
OFF-EN-10001415,Office Supplies,Envelopes,10,10
OFF-AP-10002472,Office Supplies,Appliances,100,80
TEC-AC-10004571,Technology,Accessories,900,760
OFF-BI-10001098,Office Supplies,Binders,50,50
FUR-TA-10001889,Furniture,Tables,1270,1080
OFF-BI-10000315,Office Supplies,Binders,30,30
OFF-SU-10003505,Office Supplies,Supplies,190,180
OFF-AP-10002578,Office Supplies,Appliances,80,80
FUR-BO-10002824,Furniture,Bookcases,210,200
OFF-BI-10002194,Office Supplies,Binders,0,0
OFF-PA-10004071,Office Supplies,Paper,60,50
OFF-ST-10002743,Office Supplies,Storage,340,290
FUR-BO-10001601,Furniture,Bookcases,220,200
TEC-PH-10002680,Technology,Phones,700,610
OFF-ST-10001321,Office Supplies,Storage,90,80
OFF-PA-10001509,Office Supplies,Paper,60,60
OFF-PA-10003465,Office Supplies,Paper,90,90
TEC-PH-10000149,Technology,Phones,100,90
OFF-AR-10003045,Office Supplies,Art,10,10
OFF-ST-10000689,Office Supplies,Storage,700,600
TEC-AC-10001445,Technology,Accessories,10,10
TEC-AC-10002567,Technology,Accessories,160,140
OFF-LA-10003923,Office Supplies,Labels,30,30
FUR-BO-10001337,Furniture,Bookcases,510,480
TEC-PH-10001924,Technology,Phones,280,250
TEC-PH-10001363,Technology,Phones,2740,2300
TEC-PH-10000376,Technology,Phones,10,10
TEC-AC-10000303,Technology,Accessories,60,50
OFF-ST-10001809,Office Supplies,Storage,450,410
OFF-EN-10003845,Office Supplies,Envelopes,10,10
TEC-AC-10000991,Technology,Accessories,90,80
FUR-TA-10001857,Furniture,Tables,190,180
OFF-EN-10001434,Office Supplies,Envelopes,110,100
OFF-BI-10002498,Office Supplies,Binders,120,110
FUR-FU-10004864,Furniture,Furnishings,260,230
FUR-FU-10000073,Furniture,Furnishings,70,60
OFF-BI-10001670,Office Supplies,Binders,20,20
OFF-BI-10001658,Office Supplies,Binders,10,10
FUR-CH-10001215,Furniture,Chairs,800,650
OFF-BI-10000831,Office Supplies,Binders,0,0
OFF-PA-10000357,Office Supplies,Paper,30,30
OFF-AR-10001662,Office Supplies,Art,0,0
OFF-AR-10003856,Office Supplies,Art,10,10
OFF-BI-10003527,Office Supplies,Binders,6350,5210
FUR-FU-10001290,Furniture,Furnishings,130,110
TEC-AC-10002399,Technology,Accessories,40,40
OFF-AR-10003811,Office Supplies,Art,10,10
OFF-AR-10001246,Office Supplies,Art,10,10
TEC-CO-10003236,Technology,Copiers,3000,2430
OFF-ST-10004507,Office Supplies,Storage,50,40
OFF-PA-10001667,Office Supplies,Paper,10,10
OFF-ST-10004459,Office Supplies,Storage,1130,1020
OFF-ST-10000736,Office Supplies,Storage,130,120
OFF-BI-10000285,Office Supplies,Binders,10,10
TEC-PH-10003555,Technology,Phones,60,50
OFF-FA-10002815,Office Supplies,Fasteners,20,20
FUR-CH-10003379,Furniture,Chairs,680,540
OFF-ST-10004963,Office Supplies,Storage,40,40
OFF-SU-10002881,Office Supplies,Supplies,670,550
OFF-EN-10001335,Office Supplies,Envelopes,50,50
FUR-CH-10000595,Furniture,Chairs,190,150
FUR-FU-10000448,Furniture,Furnishings,50,40
TEC-PH-10000984,Technology,Phones,980,820
OFF-ST-10001325,Office Supplies,Storage,20,20
OFF-BI-10002429,Office Supplies,Binders,40,30
OFF-BI-10004528,Office Supplies,Binders,10,10
OFF-AP-10001271,Office Supplies,Appliances,150,130
FUR-CH-10002647,Furniture,Chairs,280,230
TEC-AC-10001432,Technology,Accessories,470,410
TEC-PH-10002262,Technology,Phones,380,300
TEC-AC-10001465,Technology,Accessories,60,50
TEC-PH-10002597,Technology,Phones,100,100
FUR-FU-10000723,Furniture,Furnishings,70,60
OFF-BI-10000404,Office Supplies,Binders,40,30
OFF-PA-10002986,Office Supplies,Paper,10,10
OFF-SU-10001935,Office Supplies,Supplies,10,10
FUR-CH-10002024,Furniture,Chairs,1120,930
FUR-FU-10003039,Furniture,Furnishings,30,20
OFF-FA-10004248,Office Supplies,Fasteners,10,10
OFF-ST-10001780,Office Supplies,Storage,1300,1200
OFF-AR-10003560,Office Supplies,Art,20,20
OFF-LA-10001297,Office Supplies,Labels,20,20
FUR-TA-10004256,Furniture,Tables,1340,1260
OFF-PA-10003441,Office Supplies,Paper,30,30
OFF-BI-10000069,Office Supplies,Binders,80,70
OFF-AP-10003914,Office Supplies,Appliances,10,10
FUR-FU-10004020,Furniture,Furnishings,10,10
OFF-FA-10003467,Office Supplies,Fasteners,0,0
TEC-PH-10002496,Technology,Phones,370,330
OFF-PA-10004530,Office Supplies,Paper,90,70
OFF-BI-10001107,Office Supplies,Binders,80,70
OFF-PA-10004451,Office Supplies,Paper,20,20
FUR-CH-10004997,Furniture,Chairs,450,370
TEC-PH-10000347,Technology,Phones,10,10
OFF-AR-10003394,Office Supplies,Art,10,10
OFF-PA-10001450,Office Supplies,Paper,20,20
OFF-SU-10001574,Office Supplies,Supplies,10,10
FUR-FU-10001475,Furniture,Furnishings,10,10
OFF-SU-10004498,Office Supplies,Supplies,50,50
TEC-PH-10000586,Technology,Phones,110,90
OFF-BI-10002764,Office Supplies,Binders,10,10
OFF-LA-10003930,Office Supplies,Labels,290,270
TEC-PH-10003800,Technology,Phones,80,80
OFF-PA-10002005,Office Supplies,Paper,20,20
OFF-PA-10004101,Office Supplies,Paper,10,10
OFF-AR-10004078,Office Supplies,Art,10,10
OFF-AP-10004708,Office Supplies,Appliances,80,70
FUR-FU-10001979,Furniture,Furnishings,330,310
OFF-SU-10004115,Office Supplies,Supplies,10,10
TEC-PH-10001425,Technology,Phones,140,120
TEC-PH-10003963,Technology,Phones,490,390
OFF-ST-10001490,Office Supplies,Storage,140,120
OFF-PA-10002120,Office Supplies,Paper,130,120
OFF-BI-10000848,Office Supplies,Binders,0,0
TEC-PH-10003092,Technology,Phones,60,50
OFF-LA-10004345,Office Supplies,Labels,20,20
OFF-PA-10001204,Office Supplies,Paper,10,10
TEC-PH-10004667,Technology,Phones,730,690
OFF-BI-10002949,Office Supplies,Binders,0,0
FUR-FU-10003849,Furniture,Furnishings,40,30
FUR-FU-10000010,Furniture,Furnishings,10,10
OFF-BI-10002824,Office Supplies,Binders,110,100
TEC-PH-10002538,Technology,Phones,40,30
OFF-BI-10002103,Office Supplies,Binders,10,10
FUR-CH-10004853,Furniture,Chairs,300,270
OFF-AP-10000179,Office Supplies,Appliances,560,490
OFF-ST-10001272,Office Supplies,Storage,520,440
FUR-FU-10000221,Furniture,Furnishings,40,30
OFF-AP-10001563,Office Supplies,Appliances,100,80
OFF-BI-10000605,Office Supplies,Binders,20,20
OFF-ST-10001963,Office Supplies,Storage,240,200
TEC-AC-10001267,Technology,Accessories,120,110
TEC-PH-10002103,Technology,Phones,300,260
TEC-AC-10002857,Technology,Accessories,20,20
FUR-CH-10001482,Furniture,Chairs,390,320
OFF-BI-10001989,Office Supplies,Binders,20,20
OFF-AP-10003287,Office Supplies,Appliances,120,110
OFF-BI-10004728,Office Supplies,Binders,20,20
FUR-FU-10000732,Furniture,Furnishings,20,20
OFF-ST-10000585,Office Supplies,Storage,330,300
OFF-LA-10002787,Office Supplies,Labels,30,20
OFF-PA-10001934,Office Supplies,Paper,10,10
OFF-AP-10002457,Office Supplies,Appliances,210,190
OFF-FA-10003112,Office Supplies,Fasteners,30,20
OFF-AP-10002350,Office Supplies,Appliances,30,30
TEC-AC-10001142,Technology,Accessories,320,290
TEC-AC-10001101,Technology,Accessories,100,80
OFF-AP-10002439,Office Supplies,Appliances,110,90
OFF-BI-10002827,Office Supplies,Binders,0,0
OFF-EN-10002230,Office Supplies,Envelopes,130,110
OFF-ST-10001511,Office Supplies,Storage,720,600
OFF-SU-10004231,Office Supplies,Supplies,20,20
TEC-PH-10004042,Technology,Phones,380,320
FUR-FU-10003096,Furniture,Furnishings,30,20
FUR-FU-10002759,Furniture,Furnishings,20,20
FUR-TA-10000688,Furniture,Tables,110,100
OFF-AR-10001954,Office Supplies,Art,20,20
OFF-AP-10004532,Office Supplies,Appliances,60,50
OFF-PA-10002137,Office Supplies,Paper,40,40
OFF-AP-10000804,Office Supplies,Appliances,0,0
TEC-AC-10003614,Technology,Accessories,30,20
FUR-FU-10003553,Furniture,Furnishings,80,70
OFF-BI-10004632,Office Supplies,Binders,180,160
OFF-BI-10003305,Office Supplies,Binders,10,10
OFF-ST-10002583,Office Supplies,Storage,60,50
TEC-MA-10004125,Technology,Machines,8000,7280
OFF-LA-10001934,Office Supplies,Labels,10,10
FUR-BO-10004015,Furniture,Bookcases,190,160
FUR-FU-10004071,Furniture,Furnishings,100,90
OFF-ST-10002444,Office Supplies,Storage,40,40
TEC-AC-10002253,Technology,Accessories,170,140
OFF-PA-10000743,Office Supplies,Paper,30,30
OFF-LA-10002312,Office Supplies,Labels,50,40
OFF-LA-10003510,Office Supplies,Labels,100,80
OFF-AR-10001118,Office Supplies,Art,0,0
OFF-BI-10001575,Office Supplies,Binders,20,20
FUR-FU-10003394,Furniture,Furnishings,210,190
FUR-TA-10002774,Furniture,Tables,370,340
OFF-PA-10001800,Office Supplies,Paper,10,10
OFF-AP-10001469,Office Supplies,Appliances,170,140
FUR-BO-10003272,Furniture,Bookcases,880,740
OFF-EN-10001219,Office Supplies,Envelopes,20,20
OFF-AP-10001154,Office Supplies,Appliances,280,240
TEC-AC-10001606,Technology,Accessories,300,260
OFF-BI-10003355,Office Supplies,Binders,20,20
FUR-FU-10002253,Furniture,Furnishings,100,90
OFF-PA-10004092,Office Supplies,Paper,150,140
FUR-TA-10000198,Furniture,Tables,1650,1370
OFF-ST-10000036,Office Supplies,Storage,300,260
FUR-FU-10000222,Furniture,Furnishings,130,120
OFF-SU-10004664,Office Supplies,Supplies,50,40
OFF-EN-10001141,Office Supplies,Envelopes,20,20
TEC-PH-10002170,Technology,Phones,60,50
OFF-PA-10001954,Office Supplies,Paper,180,160
FUR-TA-10002228,Furniture,Tables,400,350
OFF-ST-10004634,Office Supplies,Storage,30,30
TEC-AC-10003610,Technology,Accessories,180,170
FUR-BO-10001619,Furniture,Bookcases,80,80
OFF-BI-10000138,Office Supplies,Binders,20,20
TEC-AC-10001383,Technology,Accessories,50,50
OFF-LA-10003223,Office Supplies,Labels,10,10
OFF-BI-10004094,Office Supplies,Binders,0,0
OFF-PA-10004971,Office Supplies,Paper,0,0
OFF-SU-10004261,Office Supplies,Supplies,60,50
TEC-PH-10000004,Technology,Phones,10,10
OFF-BI-10003638,Office Supplies,Binders,60,50
FUR-FU-10003577,Furniture,Furnishings,160,130
OFF-BI-10000546,Office Supplies,Binders,0,0
TEC-CO-10002095,Technology,Copiers,1200,1020
FUR-TA-10001095,Furniture,Tables,380,350
OFF-LA-10004484,Office Supplies,Labels,10,10
OFF-EN-10001532,Office Supplies,Envelopes,50,50
TEC-AC-10003174,Technology,Accessories,650,530
OFF-BI-10004187,Office Supplies,Binders,10,10
OFF-ST-10000025,Office Supplies,Storage,570,540
FUR-FU-10004306,Furniture,Furnishings,310,280
FUR-CH-10003746,Furniture,Chairs,640,570
OFF-BI-10001036,Office Supplies,Binders,20,20
OFF-BI-10000301,Office Supplies,Binders,30,30
OFF-AR-10004648,Office Supplies,Art,40,40
FUR-FU-10002597,Furniture,Furnishings,30,30
OFF-AR-10003405,Office Supplies,Art,30,30
FUR-CH-10002335,Furniture,Chairs,540,440
OFF-PA-10003657,Office Supplies,Paper,0,0
FUR-BO-10004409,Furniture,Bookcases,40,40
TEC-AC-10000057,Technology,Accessories,50,50
OFF-EN-10000056,Office Supplies,Envelopes,190,160
OFF-BI-10000014,Office Supplies,Binders,20,20
FUR-CH-10004675,Furniture,Chairs,350,290
OFF-BI-10001132,Office Supplies,Binders,40,30
FUR-CH-10003199,Furniture,Chairs,330,280
TEC-PH-10001530,Technology,Phones,1360,1170
OFF-LA-10001569,Office Supplies,Labels,10,10
OFF-PA-10000176,Office Supplies,Paper,130,110
OFF-LA-10002271,Office Supplies,Labels,20,20
FUR-FU-10004090,Furniture,Furnishings,20,20
OFF-AP-10000576,Office Supplies,Appliances,360,320
OFF-PA-10003953,Office Supplies,Paper,10,10
FUR-FU-10000794,Furniture,Furnishings,20,20
OFF-AR-10001897,Office Supplies,Art,40,40
TEC-PH-10001795,Technology,Phones,1980,1700
TEC-AC-10004901,Technology,Accessories,150,130
OFF-AR-10003190,Office Supplies,Art,10,10
OFF-AP-10000240,Office Supplies,Appliances,210,190
TEC-AC-10001838,Technology,Accessories,1400,1270
OFF-PA-10003651,Office Supplies,Paper,10,10
OFF-BI-10003094,Office Supplies,Binders,0,0
FUR-CH-10001394,Furniture,Chairs,1230,1030
OFF-BI-10004230,Office Supplies,Binders,30,30
OFF-PA-10003395,Office Supplies,Paper,340,290
TEC-AC-10002402,Technology,Accessories,240,210
TEC-AC-10003441,Technology,Accessories,70,60
OFF-FA-10002280,Office Supplies,Fasteners,40,40
OFF-SU-10000381,Office Supplies,Supplies,40,30
OFF-EN-10004459,Office Supplies,Envelopes,20,20
FUR-CH-10000665,Furniture,Chairs,300,250
OFF-AP-10003884,Office Supplies,Appliances,180,150
TEC-PH-10001557,Technology,Phones,190,180
TEC-PH-10002085,Technology,Phones,70,60
OFF-AR-10002956,Office Supplies,Art,40,30
OFF-AP-10003266,Office Supplies,Appliances,20,20
TEC-MA-10004002,Technology,Machines,270,220
OFF-BI-10001071,Office Supplies,Binders,50,40
OFF-PA-10001560,Office Supplies,Paper,10,10
OFF-AR-10002578,Office Supplies,Art,10,10
FUR-BO-10001519,Furniture,Bookcases,190,170
OFF-BI-10001294,Office Supplies,Binders,40,30
OFF-BI-10001636,Office Supplies,Binders,30,30
OFF-SU-10002503,Office Supplies,Supplies,10,10
OFF-LA-10004093,Office Supplies,Labels,10,10
FUR-FU-10003878,Furniture,Furnishings,50,40
TEC-AC-10000710,Technology,Accessories,120,110
OFF-AR-10002335,Office Supplies,Art,10,10
OFF-PA-10001870,Office Supplies,Paper,40,30
OFF-PA-10001019,Office Supplies,Paper,40,30
OFF-SU-10002537,Office Supplies,Supplies,100,90
OFF-ST-10003221,Office Supplies,Storage,20,20
OFF-AR-10003752,Office Supplies,Art,20,20
TEC-AC-10001714,Technology,Accessories,190,170
OFF-AR-10003958,Office Supplies,Art,10,10
TEC-PH-10002923,Technology,Phones,60,50
OFF-LA-10004272,Office Supplies,Labels,0,0
FUR-FU-10000965,Furniture,Furnishings,50,40
OFF-LA-10004853,Office Supplies,Labels,20,20
OFF-BI-10003719,Office Supplies,Binders,40,30
OFF-BI-10000545,Office Supplies,Binders,1140,910
OFF-PA-10003591,Office Supplies,Paper,30,30
OFF-PA-10001790,Office Supplies,Paper,190,160
TEC-AC-10002049,Technology,Accessories,370,330
OFF-BI-10003712,Office Supplies,Binders,10,10
OFF-BI-10003984,Office Supplies,Binders,70,60
FUR-FU-10001424,Furniture,Furnishings,20,20
OFF-BI-10002071,Office Supplies,Binders,10,10
OFF-ST-10002486,Office Supplies,Storage,80,70
TEC-AC-10000927,Technology,Accessories,150,130
OFF-PA-10001622,Office Supplies,Paper,0,0
OFF-AR-10003158,Office Supplies,Art,20,20
TEC-PH-10002660,Technology,Phones,540,510
OFF-BI-10003364,Office Supplies,Binders,70,60
OFF-EN-10001099,Office Supplies,Envelopes,20,20
OFF-PA-10002250,Office Supplies,Paper,50,50
OFF-BI-10004716,Office Supplies,Binders,10,10
OFF-LA-10001045,Office Supplies,Labels,10,10
OFF-BI-10001510,Office Supplies,Binders,20,20
OFF-PA-10002947,Office Supplies,Paper,20,20
OFF-PA-10000019,Office Supplies,Paper,10,10
FUR-BO-10003441,Furniture,Bookcases,320,280
TEC-PH-10004774,Technology,Phones,90,70
OFF-BI-10003684,Office Supplies,Binders,50,40
TEC-PH-10001494,Technology,Phones,1200,1010
TEC-AC-10004666,Technology,Accessories,1930,1830
OFF-ST-10003816,Office Supplies,Storage,350,320
FUR-TA-10001520,Furniture,Tables,100,90
OFF-ST-10001558,Office Supplies,Storage,10,10
TEC-AC-10002473,Technology,Accessories,90,80
TEC-PH-10004531,Technology,Phones,20,20
OFF-AP-10004487,Office Supplies,Appliances,410,340
OFF-PA-10003543,Office Supplies,Paper,20,20
TEC-AC-10004353,Technology,Accessories,250,210
OFF-AR-10001468,Office Supplies,Art,90,90
OFF-PA-10002195,Office Supplies,Paper,10,10
OFF-PA-10001745,Office Supplies,Paper,50,40
OFF-BI-10004826,Office Supplies,Binders,30,20
OFF-PA-10000289,Office Supplies,Paper,10,10
OFF-AP-10003040,Office Supplies,Appliances,130,120
OFF-PA-10000350,Office Supplies,Paper,20,20
OFF-BI-10001759,Office Supplies,Binders,10,10
OFF-ST-10001496,Office Supplies,Storage,540,500
OFF-BI-10002931,Office Supplies,Binders,170,150
FUR-TA-10002356,Furniture,Tables,390,320
FUR-FU-10003601,Furniture,Furnishings,520,420
FUR-TA-10004154,Furniture,Tables,2070,1950
OFF-PA-10000788,Office Supplies,Paper,20,20
FUR-FU-10001940,Furniture,Furnishings,30,30
OFF-BI-10004465,Office Supplies,Binders,0,0
OFF-PA-10002333,Office Supplies,Paper,20,20
FUR-FU-10004188,Furniture,Furnishings,200,190
OFF-BI-10000145,Office Supplies,Binders,10,10
OFF-LA-10001613,Office Supplies,Labels,0,0
OFF-LA-10004055,Office Supplies,Labels,10,10
OFF-PA-10004621,Office Supplies,Paper,10,10
OFF-PA-10001281,Office Supplies,Paper,190,180
OFF-ST-10001097,Office Supplies,Storage,500,420
FUR-FU-10001095,Furniture,Furnishings,130,110
OFF-BI-10002012,Office Supplies,Binders,0,0
OFF-PA-10004156,Office Supplies,Paper,30,30
OFF-AR-10000034,Office Supplies,Art,0,0
TEC-PH-10000560,Technology,Phones,560,460
OFF-EN-10000461,Office Supplies,Envelopes,30,20
TEC-MA-10003066,Technology,Machines,340,320
OFF-BI-10004022,Office Supplies,Binders,0,0
OFF-AR-10001988,Office Supplies,Art,20,20
OFF-PA-10003625,Office Supplies,Paper,150,120
OFF-BI-10003925,Office Supplies,Binders,2720,2200
OFF-EN-10003862,Office Supplies,Envelopes,10,10
OFF-ST-10004258,Office Supplies,Storage,40,30
FUR-FU-10002885,Furniture,Furnishings,20,20
TEC-AC-10003033,Technology,Accessories,2310,2010
OFF-ST-10000046,Office Supplies,Storage,480,450
OFF-BI-10002049,Office Supplies,Binders,0,0
FUR-FU-10001602,Furniture,Furnishings,150,140
OFF-ST-10003722,Office Supplies,Storage,10,10
TEC-AC-10003198,Technology,Accessories,100,90
FUR-FU-10002191,Furniture,Furnishings,10,10
TEC-PH-10004188,Technology,Phones,120,110
OFF-ST-10001526,Office Supplies,Storage,600,490
OFF-AR-10001166,Office Supplies,Art,20,20
FUR-CH-10000309,Furniture,Chairs,1270,1080
TEC-MA-10004212,Technology,Machines,1380,1240
OFF-EN-10003072,Office Supplies,Envelopes,10,10
OFF-BI-10000320,Office Supplies,Binders,10,10
OFF-PA-10001166,Office Supplies,Paper,20,20
OFF-PA-10003656,Office Supplies,Paper,60,50
TEC-PH-10000148,Technology,Phones,20,20
TEC-PH-10003885,Technology,Phones,200,160
OFF-LA-10001175,Office Supplies,Labels,10,10
OFF-PA-10000955,Office Supplies,Paper,20,20
FUR-FU-10003975,Furniture,Furnishings,90,80
OFF-BI-10003707,Office Supplies,Binders,40,30
OFF-AR-10000203,Office Supplies,Art,20,20
OFF-AR-10004790,Office Supplies,Art,30,30
TEC-AC-10004761,Technology,Accessories,30,20
FUR-BO-10001811,Furniture,Bookcases,720,680
OFF-AR-10001130,Office Supplies,Art,10,10
OFF-AP-10000055,Office Supplies,Appliances,60,50
FUR-CH-10002304,Furniture,Chairs,250,230
FUR-FU-10000293,Furniture,Furnishings,170,140
OFF-PA-10001307,Office Supplies,Paper,10,10
FUR-FU-10004460,Furniture,Furnishings,280,250
OFF-AR-10000716,Office Supplies,Art,10,10
FUR-FU-10004622,Furniture,Furnishings,110,100
OFF-BI-10003529,Office Supplies,Binders,10,10
OFF-BI-10001097,Office Supplies,Binders,20,20
OFF-BI-10001597,Office Supplies,Binders,70,60
OFF-FA-10001754,Office Supplies,Fasteners,0,0
OFF-FA-10004838,Office Supplies,Fasteners,10,10
TEC-PH-10002115,Technology,Phones,120,110
OFF-FA-10003059,Office Supplies,Fasteners,0,0
OFF-BI-10004330,Office Supplies,Binders,60,50
OFF-BI-10003669,Office Supplies,Binders,10,10
OFF-BI-10003727,Office Supplies,Binders,10,10
TEC-AC-10003447,Technology,Accessories,30,30
OFF-AR-10000255,Office Supplies,Art,40,30
OFF-AP-10002191,Office Supplies,Appliances,120,100
OFF-PA-10000349,Office Supplies,Paper,20,20
FUR-CH-10002880,Furniture,Chairs,1110,1000
OFF-PA-10003127,Office Supplies,Paper,30,30
TEC-MA-10003979,Technology,Machines,4900,4360
OFF-PA-10000029,Office Supplies,Paper,10,10
OFF-LA-10000452,Office Supplies,Labels,0,0
TEC-PH-10001819,Technology,Phones,70,60
OFF-AR-10002952,Office Supplies,Art,120,100
TEC-PH-10000576,Technology,Phones,220,180
OFF-PA-10000605,Office Supplies,Paper,30,20
OFF-ST-10004340,Office Supplies,Storage,350,320
OFF-BI-10004001,Office Supplies,Binders,40,40
FUR-TA-10004147,Furniture,Tables,450,360
OFF-AR-10001545,Office Supplies,Art,10,10
TEC-AC-10001013,Technology,Accessories,30,30
OFF-AR-10002255,Office Supplies,Art,10,10
OFF-PA-10001892,Office Supplies,Paper,20,20
OFF-BI-10003676,Office Supplies,Binders,10,10
OFF-FA-10003495,Office Supplies,Fasteners,60,60
OFF-EN-10003798,Office Supplies,Envelopes,40,30
TEC-PH-10003589,Technology,Phones,70,60
OFF-PA-10004735,Office Supplies,Paper,10,10
FUR-BO-10002206,Furniture,Bookcases,120,100
OFF-PA-10000141,Office Supplies,Paper,0,0
TEC-PH-10001061,Technology,Phones,700,600
OFF-AR-10002375,Office Supplies,Art,20,20
OFF-EN-10001539,Office Supplies,Envelopes,20,20
FUR-TA-10004086,Furniture,Tables,340,320
OFF-PA-10000100,Office Supplies,Paper,40,40
OFF-LA-10000973,Office Supplies,Labels,10,10
OFF-ST-10001476,Office Supplies,Storage,90,70
OFF-EN-10002831,Office Supplies,Envelopes,290,240
OFF-PA-10001763,Office Supplies,Paper,20,20
OFF-BI-10002072,Office Supplies,Binders,20,20
OFF-FA-10001561,Office Supplies,Fasteners,10,10
TEC-MA-10004241,Technology,Machines,690,640
OFF-AP-10003849,Office Supplies,Appliances,640,590
OFF-FA-10000735,Office Supplies,Fasteners,10,10
OFF-BI-10003350,Office Supplies,Binders,10,10
TEC-PH-10000307,Technology,Phones,10,10
TEC-CO-10004202,Technology,Copiers,600,560
FUR-FU-10001852,Furniture,Furnishings,10,10
OFF-AR-10003759,Office Supplies,Art,0,0
OFF-ST-10004337,Office Supplies,Storage,120,110
FUR-TA-10001932,Furniture,Tables,2240,2060
FUR-CH-10002126,Furniture,Chairs,200,180
TEC-PH-10004700,Technology,Phones,10,10
OFF-BI-10003429,Office Supplies,Binders,30,30
FUR-FU-10004952,Furniture,Furnishings,110,90
OFF-PA-10003172,Office Supplies,Paper,20,20
OFF-ST-10002352,Office Supplies,Storage,30,30
OFF-PA-10002259,Office Supplies,Paper,20,20
OFF-BI-10002976,Office Supplies,Binders,20,20
OFF-BI-10003694,Office Supplies,Binders,50,40
OFF-LA-10004425,Office Supplies,Labels,10,10
FUR-CH-10001270,Furniture,Chairs,170,160
TEC-PH-10004539,Technology,Phones,1320,1240
OFF-AR-10001919,Office Supplies,Art,0,0
TEC-PH-10003655,Technology,Phones,10,10
OFF-BI-10004656,Office Supplies,Binders,10,10
OFF-ST-10002344,Office Supplies,Storage,490,390
TEC-PH-10004447,Technology,Phones,890,800
FUR-CH-10003973,Furniture,Chairs,890,750
OFF-PA-10000682,Office Supplies,Paper,20,20
FUR-FU-10002268,Furniture,Furnishings,20,20
TEC-AC-10001990,Technology,Accessories,430,380
FUR-CH-10004540,Furniture,Chairs,100,90
OFF-ST-10002292,Office Supplies,Storage,590,550
OFF-AR-10004999,Office Supplies,Art,40,30
OFF-BI-10001031,Office Supplies,Binders,10,10
OFF-BI-10002432,Office Supplies,Binders,0,0
FUR-FU-10001867,Furniture,Furnishings,20,20
TEC-PH-10002200,Technology,Phones,1930,1760
TEC-PH-10000439,Technology,Phones,260,250
OFF-PA-10001685,Office Supplies,Paper,40,30
OFF-ST-10001418,Office Supplies,Storage,180,160
OFF-ST-10000676,Office Supplies,Storage,190,180
OFF-AR-10001022,Office Supplies,Art,10,10
OFF-EN-10003055,Office Supplies,Envelopes,80,70
TEC-CO-10001046,Technology,Copiers,840,780
FUR-FU-10000076,Furniture,Furnishings,50,40
FUR-FU-10003268,Furniture,Furnishings,60,50
FUR-FU-10003691,Furniture,Furnishings,10,10
OFF-AR-10003903,Office Supplies,Art,40,30
TEC-PH-10003442,Technology,Phones,20,20
OFF-BI-10004519,Office Supplies,Binders,400,380
OFF-EN-10004955,Office Supplies,Envelopes,50,50
FUR-TA-10004619,Furniture,Tables,760,690
FUR-BO-10004467,Furniture,Bookcases,250,200
OFF-AR-10002280,Office Supplies,Art,40,40
FUR-CH-10001708,Furniture,Chairs,1140,1070
OFF-AR-10000462,Office Supplies,Art,0,0
TEC-PH-10004165,Technology,Phones,1100,970
FUR-FU-10003724,Furniture,Furnishings,10,10
FUR-FU-10003535,Furniture,Furnishings,40,30
OFF-ST-10003716,Office Supplies,Storage,540,490
TEC-PH-10004586,Technology,Phones,860,710
OFF-BI-10004236,Office Supplies,Binders,20,20
OFF-AR-10000422,Office Supplies,Art,10,10
OFF-PA-10002870,Office Supplies,Paper,10,10
OFF-ST-10000563,Office Supplies,Storage,100,80
OFF-BI-10002854,Office Supplies,Binders,40,40
FUR-CH-10001973,Furniture,Chairs,390,320
TEC-AC-10000580,Technology,Accessories,60,50
OFF-AR-10004022,Office Supplies,Art,90,80
TEC-AC-10004209,Technology,Accessories,30,20
TEC-AC-10000023,Technology,Accessories,80,70
TEC-PH-10003505,Technology,Phones,280,250
OFF-LA-10000121,Office Supplies,Labels,20,20
OFF-BI-10002026,Office Supplies,Binders,20,20
OFF-PA-10000994,Office Supplies,Paper,250,240
OFF-BI-10002813,Office Supplies,Binders,0,0
OFF-AR-10004817,Office Supplies,Art,20,20
OFF-AR-10001860,Office Supplies,Art,20,20
OFF-BI-10004970,Office Supplies,Binders,10,10
OFF-PA-10002968,Office Supplies,Paper,110,100
FUR-BO-10003433,Furniture,Bookcases,60,50
FUR-FU-10002554,Furniture,Furnishings,20,20
TEC-PH-10003437,Technology,Phones,420,390
OFF-AP-10003971,Office Supplies,Appliances,20,20
FUR-CH-10003846,Furniture,Chairs,160,140
OFF-LA-10001404,Office Supplies,Labels,0,0
OFF-LA-10001474,Office Supplies,Labels,120,100
OFF-PA-10003072,Office Supplies,Paper,40,30
FUR-FU-10004960,Furniture,Furnishings,180,140
TEC-AC-10003116,Technology,Accessories,10,10
OFF-AP-10004859,Office Supplies,Appliances,70,70
OFF-PA-10002659,Office Supplies,Paper,10,10
OFF-BI-10004139,Office Supplies,Binders,20,20
OFF-AR-10002818,Office Supplies,Art,90,80
OFF-AP-10001303,Office Supplies,Appliances,10,10
OFF-ST-10002574,Office Supplies,Storage,550,500
FUR-FU-10004018,Furniture,Furnishings,30,30
TEC-PH-10002549,Technology,Phones,680,630
OFF-PA-10004911,Office Supplies,Paper,80,70
TEC-MA-10002178,Technology,Machines,700,600
OFF-AR-10000411,Office Supplies,Art,50,40
OFF-LA-10000262,Office Supplies,Labels,10,10
OFF-PA-10000466,Office Supplies,Paper,50,50
OFF-AR-10003829,Office Supplies,Art,20,20
OFF-BI-10001758,Office Supplies,Binders,50,40
OFF-BI-10000136,Office Supplies,Binders,40,40
OFF-ST-10000649,Office Supplies,Storage,30,30
OFF-PA-10003641,Office Supplies,Paper,80,70
FUR-CH-10002961,Furniture,Chairs,150,140
OFF-PA-10004041,Office Supplies,Paper,20,20
TEC-PH-10001336,Technology,Phones,310,270
TEC-MA-10003183,Technology,Machines,100,90
TEC-AC-10001314,Technology,Accessories,240,190
TEC-AC-10004510,Technology,Accessories,50,50
OFF-BI-10000042,Office Supplies,Binders,20,20
FUR-TA-10003008,Furniture,Tables,910,850
OFF-AP-10003590,Office Supplies,Appliances,1090,960
OFF-PA-10000806,Office Supplies,Paper,450,400
OFF-AR-10000896,Office Supplies,Art,20,20
TEC-PH-10002310,Technology,Phones,400,360
OFF-ST-10002289,Office Supplies,Storage,160,140
OFF-PA-10001289,Office Supplies,Paper,350,310
OFF-FA-10000053,Office Supplies,Fasteners,10,10
OFF-EN-10003001,Office Supplies,Envelopes,170,160
FUR-TA-10002958,Furniture,Tables,650,550
FUR-TA-10001676,Furniture,Tables,70,60
OFF-BI-10000822,Office Supplies,Binders,20,20
OFF-PA-10004888,Office Supplies,Paper,10,10
FUR-TA-10002622,Furniture,Tables,210,200
OFF-PA-10000418,Office Supplies,Paper,420,350
FUR-TA-10001039,Furniture,Tables,150,130
OFF-AR-10002240,Office Supplies,Art,80,70
OFF-BI-10002867,Office Supplies,Binders,330,280
FUR-FU-10003976,Furniture,Furnishings,40,30
TEC-PH-10002922,Technology,Phones,950,860
OFF-PA-10000501,Office Supplies,Paper,90,70
OFF-AP-10004980,Office Supplies,Appliances,60,50
TEC-PH-10001750,Technology,Phones,260,240
OFF-BI-10003708,Office Supplies,Binders,30,30
OFF-BI-10001191,Office Supplies,Binders,150,140
OFF-PA-10003673,Office Supplies,Paper,30,20
OFF-PA-10001639,Office Supplies,Paper,30,30
TEC-AC-10004975,Technology,Accessories,260,230
OFF-BI-10004364,Office Supplies,Binders,30,30
OFF-PA-10001712,Office Supplies,Paper,40,40
FUR-CH-10004289,Furniture,Chairs,470,410
TEC-PH-10002564,Technology,Phones,50,50
OFF-BI-10004876,Office Supplies,Binders,0,0
TEC-PH-10004348,Technology,Phones,90,80
OFF-BI-10004352,Office Supplies,Binders,0,0
OFF-BI-10000666,Office Supplies,Binders,90,80
TEC-MA-10000010,Technology,Machines,3040,2460
OFF-BI-10000977,Office Supplies,Binders,90,80
FUR-TA-10002530,Furniture,Tables,450,370
FUR-FU-10001473,Furniture,Furnishings,30,30
OFF-BI-10001765,Office Supplies,Binders,60,50
FUR-CH-10000847,Furniture,Chairs,870,730
OFF-PA-10001293,Office Supplies,Paper,10,10
OFF-AR-10000634,Office Supplies,Art,10,10
FUR-FU-10004270,Furniture,Furnishings,10,10
OFF-AR-10003770,Office Supplies,Art,20,20
OFF-LA-10003121,Office Supplies,Labels,30,20
OFF-PA-10002262,Office Supplies,Paper,30,30
OFF-PA-10002464,Office Supplies,Paper,40,30
OFF-ST-10002214,Office Supplies,Storage,30,20
OFF-PA-10000130,Office Supplies,Paper,0,0
TEC-AC-10000865,Technology,Accessories,180,160
OFF-FA-10003021,Office Supplies,Fasteners,0,0
TEC-PH-10003580,Technology,Phones,1210,1150
TEC-AC-10001109,Technology,Accessories,90,80
OFF-PA-10001838,Office Supplies,Paper,10,10
OFF-ST-10004950,Office Supplies,Storage,20,20
OFF-PA-10003823,Office Supplies,Paper,220,200
TEC-PH-10001300,Technology,Phones,30,30
FUR-TA-10003715,Furniture,Tables,1000,920
TEC-MA-10004458,Technology,Machines,400,380
OFF-BI-10004965,Office Supplies,Binders,30,30
OFF-AR-10001419,Office Supplies,Art,20,20
OFF-PA-10002586,Office Supplies,Paper,20,20
OFF-AR-10002221,Office Supplies,Art,0,0
FUR-FU-10002456,Furniture,Furnishings,10,10
OFF-FA-10004968,Office Supplies,Fasteners,30,30
OFF-PA-10001274,Office Supplies,Paper,10,10
OFF-PA-10001125,Office Supplies,Paper,70,60
OFF-ST-10000344,Office Supplies,Storage,10,10
OFF-ST-10003324,Office Supplies,Storage,210,170
OFF-ST-10000419,Office Supplies,Storage,40,40
OFF-AP-10001626,Office Supplies,Appliances,10,10
FUR-FU-10003981,Furniture,Furnishings,10,10
OFF-ST-10001291,Office Supplies,Storage,30,20
OFF-AP-10004868,Office Supplies,Appliances,10,10
OFF-LA-10002195,Office Supplies,Labels,20,20
OFF-AR-10001315,Office Supplies,Art,10,10
OFF-EN-10003134,Office Supplies,Envelopes,10,10
OFF-AR-10001955,Office Supplies,Art,80,70
OFF-LA-10001641,Office Supplies,Labels,20,20
OFF-ST-10001370,Office Supplies,Storage,350,290
TEC-AC-10003038,Technology,Accessories,20,20
OFF-BI-10000088,Office Supplies,Binders,10,10
OFF-AR-10003504,Office Supplies,Art,10,10
OFF-EN-10003160,Office Supplies,Envelopes,20,20
TEC-AC-10003280,Technology,Accessories,30,30
TEC-PH-10000169,Technology,Phones,40,30
OFF-PA-10001526,Office Supplies,Paper,0,0
OFF-AP-10004336,Office Supplies,Appliances,170,140
OFF-PA-10001357,Office Supplies,Paper,140,130
OFF-FA-10000992,Office Supplies,Fasteners,10,10
OFF-AR-10001221,Office Supplies,Art,30,30
TEC-PH-10004830,Technology,Phones,200,180
OFF-PA-10004519,Office Supplies,Paper,10,10
FUR-BO-10000362,Furniture,Bookcases,360,300
OFF-PA-10000308,Office Supplies,Paper,20,20
OFF-SU-10001165,Office Supplies,Supplies,10,10
FUR-FU-10001488,Furniture,Furnishings,210,200
OFF-AR-10003251,Office Supplies,Art,10,10
OFF-AR-10001044,Office Supplies,Art,160,150
OFF-AR-10000823,Office Supplies,Art,10,10
OFF-AR-10004456,Office Supplies,Art,70,60
OFF-BI-10000591,Office Supplies,Binders,10,10
TEC-PH-10000441,Technology,Phones,200,160
TEC-AC-10004855,Technology,Accessories,80,70
OFF-AR-10001915,Office Supplies,Art,30,30
OFF-ST-10000352,Office Supplies,Storage,60,60
OFF-PA-10000575,Office Supplies,Paper,10,10
FUR-FU-10002937,Furniture,Furnishings,200,190
TEC-AC-10003063,Technology,Accessories,50,40
FUR-FU-10004415,Furniture,Furnishings,20,20
OFF-ST-10002011,Office Supplies,Storage,1010,840
TEC-PH-10000038,Technology,Phones,440,400
OFF-PA-10002689,Office Supplies,Paper,20,20
TEC-CO-10001766,Technology,Copiers,3150,2650
OFF-PA-10004359,Office Supplies,Paper,210,180
OFF-FA-10001135,Office Supplies,Fasteners,0,0
OFF-BI-10004224,Office Supplies,Binders,120,110
TEC-PH-10003357,Technology,Phones,50,50
OFF-PA-10004475,Office Supplies,Paper,110,100
OFF-PA-10003001,Office Supplies,Paper,10,10
OFF-FA-10000611,Office Supplies,Fasteners,0,0
OFF-BI-10001116,Office Supplies,Binders,10,10
TEC-PH-10004922,Technology,Phones,160,140
OFF-BI-10002353,Office Supplies,Binders,10,10
OFF-FA-10002676,Office Supplies,Fasteners,0,0
TEC-AC-10003023,Technology,Accessories,90,90
OFF-PA-10000167,Office Supplies,Paper,70,60
TEC-PH-10002185,Technology,Phones,20,20
FUR-FU-10000758,Furniture,Furnishings,40,40
TEC-MA-10004679,Technology,Machines,400,340
OFF-AP-10002495,Office Supplies,Appliances,100,90
OFF-BI-10002414,Office Supplies,Binders,10,10
TEC-AC-10003133,Technology,Accessories,10,10
TEC-AC-10002006,Technology,Accessories,60,50
OFF-LA-10002381,Office Supplies,Labels,20,20
OFF-FA-10001843,Office Supplies,Fasteners,10,10
OFF-LA-10003077,Office Supplies,Labels,40,40
OFF-PA-10003424,Office Supplies,Paper,10,10
OFF-PA-10004405,Office Supplies,Paper,10,10
FUR-BO-10003965,Furniture,Bookcases,310,250
FUR-FU-10002088,Furniture,Furnishings,40,40
TEC-AC-10000736,Technology,Accessories,260,240
FUR-BO-10003966,Furniture,Bookcases,360,320
OFF-AP-10000828,Office Supplies,Appliances,430,400
OFF-AP-10002906,Office Supplies,Appliances,0,0
OFF-AP-10003860,Office Supplies,Appliances,90,70
FUR-TA-10001307,Furniture,Tables,1050,1000
OFF-PA-10001457,Office Supplies,Paper,100,90
OFF-AP-10002082,Office Supplies,Appliances,30,20
TEC-AC-10003590,Technology,Accessories,130,120
OFF-PA-10004355,Office Supplies,Paper,20,20
OFF-PA-10004947,Office Supplies,Paper,10,10
FUR-TA-10004607,Furniture,Tables,210,180
OFF-PA-10003893,Office Supplies,Paper,10,10
TEC-PH-10001817,Technology,Phones,1720,1510
FUR-BO-10000330,Furniture,Bookcases,410,340
OFF-BI-10001900,Office Supplies,Binders,30,30
FUR-BO-10003159,Furniture,Bookcases,290,260
FUR-FU-10001591,Furniture,Furnishings,110,100
OFF-LA-10002034,Office Supplies,Labels,10,10
OFF-BI-10001628,Office Supplies,Binders,20,20
OFF-ST-10000877,Office Supplies,Storage,500,440
OFF-AR-10004752,Office Supplies,Art,10,10
OFF-PA-10000675,Office Supplies,Paper,370,300
OFF-PA-10001609,Office Supplies,Paper,10,10
TEC-PH-10001615,Technology,Phones,90,80
TEC-AC-10004568,Technology,Accessories,140,130
FUR-CH-10001854,Furniture,Chairs,2810,2300
OFF-AR-10000475,Office Supplies,Art,50,40
TEC-PH-10000455,Technology,Phones,350,280
OFF-PA-10001994,Office Supplies,Paper,50,40
TEC-AC-10002926,Technology,Accessories,80,70
TEC-PH-10004897,Technology,Phones,70,60
FUR-FU-10001196,Furniture,Furnishings,20,20
OFF-PA-10000595,Office Supplies,Paper,50,40
OFF-LA-10000443,Office Supplies,Labels,10,10
OFF-LA-10001771,Office Supplies,Labels,10,10
OFF-AP-10001394,Office Supplies,Appliances,80,80
FUR-FU-10002553,Furniture,Furnishings,30,30
OFF-AP-10004233,Office Supplies,Appliances,90,90
FUR-CH-10004754,Furniture,Chairs,60,60
OFF-PA-10000809,Office Supplies,Paper,10,10
FUR-FU-10002878,Furniture,Furnishings,20,20
TEC-PH-10002624,Technology,Phones,1130,1060
TEC-PH-10002885,Technology,Phones,780,670
TEC-PH-10000895,Technology,Phones,1440,1150
TEC-MA-10000488,Technology,Machines,1440,1300
OFF-PA-10003729,Office Supplies,Paper,40,30
OFF-AP-10001005,Office Supplies,Appliances,60,60
FUR-CH-10000988,Furniture,Chairs,140,120
FUR-FU-10001986,Furniture,Furnishings,40,40
FUR-FU-10004973,Furniture,Furnishings,40,30
OFF-ST-10000464,Office Supplies,Storage,30,30
OFF-PA-10000528,Office Supplies,Paper,30,20
OFF-PA-10003129,Office Supplies,Paper,100,80
OFF-AR-10003631,Office Supplies,Art,10,10
OFF-BI-10002133,Office Supplies,Binders,30,30
TEC-PH-10004959,Technology,Phones,100,90
FUR-BO-10001918,Furniture,Bookcases,260,230
FUR-FU-10001617,Furniture,Furnishings,20,20
TEC-PH-10002824,Technology,Phones,370,340
OFF-PA-10003309,Office Supplies,Paper,30,20
OFF-ST-10002554,Office Supplies,Storage,80,70
OFF-AR-10002067,Office Supplies,Art,100,90
FUR-TA-10004175,Furniture,Tables,270,230
FUR-TA-10004767,Furniture,Tables,70,60
OFF-EN-10002621,Office Supplies,Envelopes,30,30
OFF-LA-10003714,Office Supplies,Labels,10,10
FUR-FU-10001889,Furniture,Furnishings,30,20
OFF-AR-10003723,Office Supplies,Art,0,0
OFF-PA-10000241,Office Supplies,Paper,20,20
OFF-AR-10001446,Office Supplies,Art,30,30
OFF-BI-10001359,Office Supplies,Binders,1790,1520
OFF-EN-10001749,Office Supplies,Envelopes,30,30
OFF-BI-10004390,Office Supplies,Binders,510,430
TEC-PH-10004924,Technology,Phones,10,10
FUR-CH-10000155,Furniture,Chairs,480,430
OFF-BI-10001757,Office Supplies,Binders,0,0
FUR-FU-10004093,Furniture,Furnishings,140,120
FUR-FU-10001037,Furniture,Furnishings,20,20
OFF-PA-10001878,Office Supplies,Paper,270,240
TEC-MA-10003674,Technology,Machines,600,520
OFF-LA-10003190,Office Supplies,Labels,0,0
TEC-PH-10001809,Technology,Phones,300,280
OFF-BI-10003091,Office Supplies,Binders,900,800
FUR-CH-10003981,Furniture,Chairs,460,400
OFF-ST-10002562,Office Supplies,Storage,20,20
TEC-PH-10004345,Technology,Phones,860,720
TEC-PH-10001198,Technology,Phones,180,160
OFF-PA-10001972,Office Supplies,Paper,10,10
TEC-PH-10002483,Technology,Phones,270,240
FUR-BO-10000468,Furniture,Bookcases,150,140
TEC-AC-10001284,Technology,Accessories,170,140
OFF-BI-10002082,Office Supplies,Binders,20,20
OFF-ST-10001505,Office Supplies,Storage,30,20
OFF-AR-10004582,Office Supplies,Art,0,0
TEC-AC-10002842,Technology,Accessories,240,210
OFF-AP-10004785,Office Supplies,Appliances,30,30
TEC-AC-10002217,Technology,Accessories,110,90
OFF-BI-10002954,Office Supplies,Binders,10,10
OFF-AP-10003281,Office Supplies,Appliances,20,20
OFF-SU-10000898,Office Supplies,Supplies,70,60
OFF-BI-10001249,Office Supplies,Binders,10,10
TEC-AC-10002718,Technology,Accessories,40,40
TEC-PH-10002352,Technology,Phones,1390,1310
FUR-CH-10003774,Furniture,Chairs,550,470
OFF-AR-10000127,Office Supplies,Art,10,10
TEC-PH-10003811,Technology,Phones,480,430
OFF-BI-10002393,Office Supplies,Binders,20,20
FUR-TA-10002855,Furniture,Tables,1020,870
OFF-EN-10000781,Office Supplies,Envelopes,30,30
OFF-PA-10002160,Office Supplies,Paper,20,20
OFF-AR-10002257,Office Supplies,Art,10,10
OFF-FA-10004395,Office Supplies,Fasteners,10,10
OFF-AP-10002534,Office Supplies,Appliances,290,260
FUR-BO-10003034,Furniture,Bookcases,180,150
OFF-ST-10000943,Office Supplies,Storage,50,50
OFF-PA-10000533,Office Supplies,Paper,10,10
OFF-ST-10001172,Office Supplies,Storage,100,90
OFF-PA-10001661,Office Supplies,Paper,10,10
OFF-BI-10004817,Office Supplies,Binders,60,50
FUR-CH-10003833,Furniture,Chairs,340,280
FUR-FU-10003142,Furniture,Furnishings,30,30
TEC-AC-10001114,Technology,Accessories,200,170
OFF-FA-10002975,Office Supplies,Fasteners,10,10
OFF-ST-10003996,Office Supplies,Storage,80,70
OFF-BI-10002571,Office Supplies,Binders,20,20
OFF-PA-10000477,Office Supplies,Paper,60,50
OFF-BI-10004209,Office Supplies,Binders,20,20
TEC-AC-10002800,Technology,Accessories,200,190
FUR-TA-10003954,Furniture,Tables,710,580
TEC-AC-10003289,Technology,Accessories,60,50
TEC-PH-10002468,Technology,Phones,760,640
OFF-PA-10001295,Office Supplies,Paper,110,100
OFF-LA-10000248,Office Supplies,Labels,20,20
OFF-FA-10004076,Office Supplies,Fasteners,0,0
OFF-LA-10004008,Office Supplies,Labels,10,10
OFF-AR-10001177,Office Supplies,Art,10,10
OFF-BI-10001718,Office Supplies,Binders,510,470
OFF-AR-10004602,Office Supplies,Art,90,80
OFF-ST-10000078,Office Supplies,Storage,640,520
OFF-AR-10004272,Office Supplies,Art,10,10
TEC-PH-10001578,Technology,Phones,1300,1090
OFF-ST-10003638,Office Supplies,Storage,50,50
FUR-BO-10002213,Furniture,Bookcases,430,370
OFF-EN-10003040,Office Supplies,Envelopes,100,80
TEC-PH-10000923,Technology,Phones,60,50
FUR-FU-10003623,Furniture,Furnishings,60,50
OFF-AP-10000124,Office Supplies,Appliances,30,20
OFF-AR-10004511,Office Supplies,Art,40,30
OFF-PA-10003883,Office Supplies,Paper,20,20
TEC-PH-10002807,Technology,Phones,90,80
FUR-FU-10002364,Furniture,Furnishings,10,10
OFF-SU-10001664,Office Supplies,Supplies,20,20
FUR-TA-10003238,Furniture,Tables,990,920
TEC-PH-10001536,Technology,Phones,80,70
OFF-AR-10004956,Office Supplies,Art,20,20
OFF-AR-10003696,Office Supplies,Art,30,30
OFF-PA-10000551,Office Supplies,Paper,10,10
OFF-BI-10004506,Office Supplies,Binders,20,20
OFF-PA-10000740,Office Supplies,Paper,50,50
FUR-CH-10002084,Furniture,Chairs,440,400
OFF-AP-10000692,Office Supplies,Appliances,60,50
OFF-AP-10000252,Office Supplies,Appliances,40,30
FUR-FU-10004748,Furniture,Furnishings,190,150
OFF-AR-10000538,Office Supplies,Art,70,60
TEC-PH-10001079,Technology,Phones,830,680
OFF-AP-10003842,Office Supplies,Appliances,170,160
FUR-CH-10000553,Furniture,Chairs,110,90
OFF-AR-10003469,Office Supplies,Art,0,0
OFF-PA-10003790,Office Supplies,Paper,50,50
FUR-BO-10002202,Furniture,Bookcases,70,60
OFF-AP-10002765,Office Supplies,Appliances,50,40
OFF-ST-10003692,Office Supplies,Storage,230,190
TEC-PH-10001051,Technology,Phones,320,280
OFF-AR-10000817,Office Supplies,Art,20,20
OFF-SU-10000952,Office Supplies,Supplies,40,40
FUR-FU-10004597,Furniture,Furnishings,40,30
OFF-BI-10002982,Office Supplies,Binders,40,30
OFF-PA-10004285,Office Supplies,Paper,10,10
OFF-AP-10001391,Office Supplies,Appliances,540,460
TEC-PH-10001944,Technology,Phones,440,410
OFF-PA-10001776,Office Supplies,Paper,20,20
TEC-AC-10004145,Technology,Accessories,500,450
OFF-PA-10003919,Office Supplies,Paper,10,10
OFF-PA-10002001,Office Supplies,Paper,10,10
OFF-PA-10002787,Office Supplies,Paper,10,10
OFF-ST-10003123,Office Supplies,Storage,200,170
FUR-FU-10000308,Furniture,Furnishings,440,410
TEC-CO-10003763,Technology,Copiers,1120,1060
FUR-TA-10001866,Furniture,Tables,140,110
OFF-AP-10002222,Office Supplies,Appliances,60,50
OFF-PA-10003971,Office Supplies,Paper,10,10
OFF-AP-10004036,Office Supplies,Appliances,40,40
OFF-AP-10002287,Office Supplies,Appliances,20,20
FUR-TA-10001950,Furniture,Tables,890,770
TEC-PH-10001527,Technology,Phones,40,40
TEC-AC-10003095,Technology,Accessories,390,350
TEC-AC-10000358,Technology,Accessories,270,240
OFF-EN-10004147,Office Supplies,Envelopes,10,10
FUR-FU-10001468,Furniture,Furnishings,550,510
OFF-PA-10000380,Office Supplies,Paper,40,30
OFF-AP-10000026,Office Supplies,Appliances,430,390
OFF-PA-10003936,Office Supplies,Paper,30,20
FUR-FU-10002501,Furniture,Furnishings,60,60
OFF-AP-10001205,Office Supplies,Appliances,490,390
OFF-BI-10004141,Office Supplies,Binders,0,0
OFF-BI-10000632,Office Supplies,Binders,70,60
TEC-AC-10004864,Technology,Accessories,40,40
TEC-MA-10000597,Technology,Machines,240,190
OFF-PA-10002960,Office Supplies,Paper,30,30
OFF-PA-10000919,Office Supplies,Paper,160,140
OFF-BI-10001553,Office Supplies,Binders,10,10
OFF-AP-10004540,Office Supplies,Appliances,160,150
FUR-CH-10001714,Furniture,Chairs,120,100
FUR-FU-10002298,Furniture,Furnishings,530,470
OFF-AR-10000315,Office Supplies,Art,0,0
OFF-FA-10000936,Office Supplies,Fasteners,0,0
OFF-SU-10004768,Office Supplies,Supplies,10,10
OFF-PA-10002581,Office Supplies,Paper,50,40
OFF-AP-10002403,Office Supplies,Appliances,180,150
OFF-AR-10003087,Office Supplies,Art,20,20
TEC-PH-10000141,Technology,Phones,210,170
TEC-CO-10000971,Technology,Copiers,480,410
OFF-FA-10001229,Office Supplies,Fasteners,10,10
OFF-BI-10002437,Office Supplies,Binders,20,20
OFF-PA-10004255,Office Supplies,Paper,10,10
OFF-PA-10001184,Office Supplies,Paper,40,40
TEC-AC-10002637,Technology,Accessories,1620,1390
FUR-BO-10000780,Furniture,Bookcases,960,810
TEC-PH-10003072,Technology,Phones,360,300
TEC-MA-10000112,Technology,Machines,2400,1970
TEC-AC-10004171,Technology,Accessories,100,100
FUR-TA-10002645,Furniture,Tables,270,220
OFF-BI-10003784,Office Supplies,Binders,0,0
OFF-BI-10001617,Office Supplies,Binders,10,10
FUR-CH-10002439,Furniture,Chairs,370,340
OFF-AP-10003057,Office Supplies,Appliances,830,770
FUR-TA-10000849,Furniture,Tables,150,130
OFF-EN-10002973,Office Supplies,Envelopes,30,30
OFF-BI-10003963,Office Supplies,Binders,30,30
OFF-LA-10000081,Office Supplies,Labels,20,20
OFF-PA-10000726,Office Supplies,Paper,10,10
OFF-PA-10004983,Office Supplies,Paper,30,30
FUR-FU-10002107,Furniture,Furnishings,10,10
FUR-CH-10001190,Furniture,Chairs,220,200
TEC-AC-10000682,Technology,Accessories,80,70
OFF-LA-10004545,Office Supplies,Labels,90,70
OFF-SU-10002557,Office Supplies,Supplies,10,10
TEC-PH-10000912,Technology,Phones,40,40
OFF-ST-10001837,Office Supplies,Storage,90,80
OFF-AR-10001473,Office Supplies,Art,10,10
TEC-PH-10001835,Technology,Phones,630,550
OFF-PA-10002245,Office Supplies,Paper,20,20
OFF-EN-10004483,Office Supplies,Envelopes,40,30
OFF-SU-10000151,Office Supplies,Supplies,8190,7370
OFF-AP-10001293,Office Supplies,Appliances,30,30
TEC-PH-10000675,Technology,Phones,200,190
OFF-ST-10003470,Office Supplies,Storage,1120,1000
OFF-LA-10004559,Office Supplies,Labels,20,20
OFF-AP-10002651,Office Supplies,Appliances,870,730
TEC-AC-10002550,Technology,Accessories,30,20
OFF-BI-10000829,Office Supplies,Binders,20,20
TEC-PH-10002555,Technology,Phones,160,150
FUR-BO-10003450,Furniture,Bookcases,170,160
FUR-FU-10004665,Furniture,Furnishings,820,750
TEC-PH-10000369,Technology,Phones,710,670
TEC-AC-10001590,Technology,Accessories,50,40
FUR-FU-10004909,Furniture,Furnishings,50,40
FUR-BO-10004357,Furniture,Bookcases,1410,1340
TEC-AC-10000387,Technology,Accessories,20,20
OFF-BI-10001308,Office Supplies,Binders,30,30
OFF-AP-10002734,Office Supplies,Appliances,680,570
FUR-FU-10004587,Furniture,Furnishings,60,50
TEC-PH-10004833,Technology,Phones,160,140
FUR-FU-10001847,Furniture,Furnishings,10,10
FUR-FU-10002045,Furniture,Furnishings,20,20
FUR-FU-10004671,Furniture,Furnishings,10,10
FUR-TA-10003569,Furniture,Tables,600,500
OFF-PA-10001752,Office Supplies,Paper,10,10
TEC-MA-10003356,Technology,Machines,1350,1240
OFF-AR-10003727,Office Supplies,Art,20,20
TEC-AC-10001635,Technology,Accessories,20,20
OFF-LA-10003663,Office Supplies,Labels,10,10
TEC-CO-10004722,Technology,Copiers,11200,10300
TEC-MA-10002210,Technology,Machines,650,550
OFF-BI-10003196,Office Supplies,Binders,10,10
FUR-CH-10002017,Furniture,Chairs,40,30
FUR-FU-10003829,Furniture,Furnishings,0,0
OFF-PA-10000697,Office Supplies,Paper,20,20
OFF-AR-10004691,Office Supplies,Art,60,60
OFF-BI-10000948,Office Supplies,Binders,40,40
OFF-PA-10000223,Office Supplies,Paper,10,10
OFF-PA-10000062,Office Supplies,Paper,160,140
FUR-BO-10003404,Furniture,Bookcases,1290,1080
OFF-BI-10004233,Office Supplies,Binders,30,30
TEC-PH-10002834,Technology,Phones,1980,1580
FUR-CH-10003761,Furniture,Chairs,790,730
OFF-PA-10004665,Office Supplies,Paper,30,20
OFF-BI-10001196,Office Supplies,Binders,90,70
TEC-MA-10002981,Technology,Machines,350,310
TEC-PH-10003601,Technology,Phones,160,130
OFF-BI-10002003,Office Supplies,Binders,0,0
OFF-PA-10003016,Office Supplies,Paper,20,20
OFF-PA-10002246,Office Supplies,Paper,20,20
TEC-PH-10002890,Technology,Phones,110,100
TEC-MA-10003626,Technology,Machines,820,760
TEC-MA-10002412,Technology,Machines,22640,18110
OFF-AR-10003183,Office Supplies,Art,10,10
OFF-PA-10002319,Office Supplies,Paper,120,110
OFF-PA-10001246,Office Supplies,Paper,20,20
OFF-PA-10001815,Office Supplies,Paper,190,160
FUR-FU-10001876,Furniture,Furnishings,230,200
TEC-PH-10000673,Technology,Phones,130,120
TEC-PH-10002075,Technology,Phones,380,320
TEC-PH-10003691,Technology,Phones,380,360
OFF-SU-10000157,Office Supplies,Supplies,480,400
TEC-AC-10004227,Technology,Accessories,30,20
TEC-AC-10004127,Technology,Accessories,30,30
FUR-CH-10002758,Furniture,Chairs,590,510
OFF-ST-10000532,Office Supplies,Storage,420,390
TEC-AC-10003709,Technology,Accessories,0,0
OFF-BI-10003166,Office Supplies,Binders,10,10
OFF-ST-10004835,Office Supplies,Storage,10,10
OFF-AP-10000159,Office Supplies,Appliances,30,30
OFF-AP-10001242,Office Supplies,Appliances,30,20
TEC-AC-10003433,Technology,Accessories,0,0
TEC-PH-10003187,Technology,Phones,20,20
OFF-FA-10002763,Office Supplies,Fasteners,10,10
OFF-PA-10004239,Office Supplies,Paper,30,30
OFF-PA-10004782,Office Supplies,Paper,10,10
FUR-FU-10001185,Furniture,Furnishings,190,150
OFF-PA-10003270,Office Supplies,Paper,30,30
OFF-PA-10002421,Office Supplies,Paper,110,100
OFF-PA-10002923,Office Supplies,Paper,80,70
OFF-ST-10001128,Office Supplies,Storage,440,410
OFF-PA-10000520,Office Supplies,Paper,20,20
FUR-FU-10003832,Furniture,Furnishings,60,60
FUR-FU-10000409,Furniture,Furnishings,10,10
TEC-PH-10004389,Technology,Phones,380,310
OFF-SU-10000946,Office Supplies,Supplies,30,20
FUR-FU-10001546,Furniture,Furnishings,20,20
OFF-PA-10000791,Office Supplies,Paper,20,20
OFF-PA-10003739,Office Supplies,Paper,10,10
FUR-FU-10000771,Furniture,Furnishings,70,60
OFF-ST-10002615,Office Supplies,Storage,310,290
OFF-PA-10000327,Office Supplies,Paper,10,10
OFF-EN-10003286,Office Supplies,Envelopes,40,30
OFF-AR-10003772,Office Supplies,Art,40,30
OFF-AR-10003338,Office Supplies,Art,10,10
FUR-FU-10002116,Furniture,Furnishings,70,60
FUR-CH-10000422,Furniture,Chairs,90,80
FUR-FU-10002685,Furniture,Furnishings,20,20
FUR-FU-10004963,Furniture,Furnishings,30,20
OFF-BI-10000174,Office Supplies,Binders,60,50
FUR-CH-10004875,Furniture,Chairs,110,100
FUR-FU-10000305,Furniture,Furnishings,110,90
TEC-PH-10001459,Technology,Phones,670,590
FUR-FU-10002445,Furniture,Furnishings,20,20
OFF-PA-10000213,Office Supplies,Paper,20,20
FUR-CH-10001797,Furniture,Chairs,190,160
OFF-PA-10003848,Office Supplies,Paper,20,20
FUR-FU-10000755,Furniture,Furnishings,20,20
FUR-FU-10000550,Furniture,Furnishings,0,0
TEC-MA-10004521,Technology,Machines,210,200
OFF-BI-10003655,Office Supplies,Binders,20,20
OFF-AP-10003779,Office Supplies,Appliances,210,190
OFF-FA-10002701,Office Supplies,Fasteners,10,10
OFF-BI-10002799,Office Supplies,Binders,10,10
OFF-AR-10003582,Office Supplies,Art,60,50
FUR-FU-10004666,Furniture,Furnishings,30,30
OFF-EN-10002312,Office Supplies,Envelopes,20,20
FUR-CH-10002320,Furniture,Chairs,2050,1850
OFF-AR-10001216,Office Supplies,Art,10,10
FUR-FU-10003247,Furniture,Furnishings,40,30
FUR-TA-10003837,Furniture,Tables,20,20
TEC-PH-10002350,Technology,Phones,80,70
TEC-AC-10000397,Technology,Accessories,100,100
TEC-AC-10004001,Technology,Accessories,210,180
OFF-PA-10001534,Office Supplies,Paper,50,40
FUR-FU-10002379,Furniture,Furnishings,120,100
TEC-PH-10000526,Technology,Phones,670,590
OFF-PA-10001977,Office Supplies,Paper,170,140
FUR-BO-10003660,Furniture,Bookcases,220,210
OFF-BI-10001267,Office Supplies,Binders,10,10
OFF-PA-10002741,Office Supplies,Paper,30,30
OFF-PA-10001471,Office Supplies,Paper,20,20
TEC-MA-10001972,Technology,Machines,840,690
FUR-FU-10003464,Furniture,Furnishings,50,40
OFF-PA-10004438,Office Supplies,Paper,50,50
FUR-FU-10004586,Furniture,Furnishings,10,10
TEC-PH-10004908,Technology,Phones,70,60
FUR-CH-10004495,Furniture,Chairs,960,770
TEC-MA-10000418,Technology,Machines,1800,1690
OFF-BI-10004600,Office Supplies,Binders,740,640
OFF-BI-10004040,Office Supplies,Binders,10,10
OFF-AR-10001615,Office Supplies,Art,60,50
TEC-PH-10001299,Technology,Phones,240,210
OFF-AR-10004260,Office Supplies,Art,180,160
OFF-EN-10004773,Office Supplies,Envelopes,70,70
OFF-BI-10001787,Office Supplies,Binders,20,20
OFF-ST-10002957,Office Supplies,Storage,10,10
OFF-FA-10001883,Office Supplies,Fasteners,20,20
TEC-PH-10001644,Technology,Phones,100,100
OFF-LA-10000407,Office Supplies,Labels,40,40
TEC-AC-10000420,Technology,Accessories,350,330
OFF-EN-10004846,Office Supplies,Envelopes,10,10
OFF-SU-10003567,Office Supplies,Supplies,20,20
OFF-ST-10002301,Office Supplies,Storage,30,30
TEC-PH-10003095,Technology,Phones,120,100
TEC-PH-10004912,Technology,Phones,220,190
OFF-AR-10000799,Office Supplies,Art,20,20
OFF-PA-10004609,Office Supplies,Paper,20,20
TEC-PH-10003171,Technology,Phones,40,40
OFF-AP-10000595,Office Supplies,Appliances,10,10
TEC-AC-10003399,Technology,Accessories,40,40
TEC-MA-10002428,Technology,Machines,1700,1620
TEC-PH-10001128,Technology,Phones,540,500
OFF-PA-10001033,Office Supplies,Paper,260,240
TEC-AC-10000474,Technology,Accessories,230,210
FUR-FU-10002963,Furniture,Furnishings,0,0
FUR-FU-10000193,Furniture,Furnishings,130,110
OFF-BI-10000962,Office Supplies,Binders,120,100
OFF-AP-10002867,Office Supplies,Appliances,200,180
FUR-BO-10002916,Furniture,Bookcases,440,380
FUR-TA-10004152,Furniture,Tables,70,60
FUR-FU-10000672,Furniture,Furnishings,40,40
FUR-BO-10002598,Furniture,Bookcases,140,110
OFF-PA-10004610,Office Supplies,Paper,10,10
FUR-FU-10000320,Furniture,Furnishings,20,20
FUR-CH-10003535,Furniture,Chairs,380,350
FUR-FU-10003919,Furniture,Furnishings,70,70
OFF-PA-10000174,Office Supplies,Paper,30,30
FUR-FU-10002703,Furniture,Furnishings,130,110
TEC-PH-10002415,Technology,Phones,470,410
OFF-AR-10000657,Office Supplies,Art,10,10
OFF-PA-10004996,Office Supplies,Paper,20,20
OFF-PA-10003363,Office Supplies,Paper,50,40
TEC-AC-10002305,Technology,Accessories,70,60
TEC-AC-10000990,Technology,Accessories,660,590
FUR-BO-10001608,Furniture,Bookcases,190,180
FUR-BO-10000112,Furniture,Bookcases,830,760
TEC-PH-10004120,Technology,Phones,660,590
OFF-BI-10003476,Office Supplies,Binders,50,50
TEC-MA-10002859,Technology,Machines,290,260
OFF-AP-10001947,Office Supplies,Appliances,30,20
OFF-LA-10001982,Office Supplies,Labels,30,30
TEC-PH-10003484,Technology,Phones,600,500
OFF-PA-10000007,Office Supplies,Paper,10,10
OFF-PA-10000552,Office Supplies,Paper,10,10
OFF-AR-10004062,Office Supplies,Art,100,90
OFF-ST-10000321,Office Supplies,Storage,10,10
TEC-AC-10002134,Technology,Accessories,60,50
TEC-PH-10004071,Technology,Phones,60,50
OFF-PA-10004039,Office Supplies,Paper,90,80
OFF-AR-10001725,Office Supplies,Art,50,50
OFF-AR-10004269,Office Supplies,Art,0,0
OFF-BI-10003007,Office Supplies,Binders,160,150
OFF-SU-10002522,Office Supplies,Supplies,20,20
TEC-AC-10004859,Technology,Accessories,100,80
TEC-AC-10002558,Technology,Accessories,10,10
FUR-FU-10001731,Furniture,Furnishings,10,10
OFF-SU-10004782,Office Supplies,Supplies,30,30
OFF-SU-10000432,Office Supplies,Supplies,10,10
OFF-LA-10004409,Office Supplies,Labels,10,10
OFF-ST-10001031,Office Supplies,Storage,40,30
OFF-LA-10000476,Office Supplies,Labels,10,10
OFF-AR-10002987,Office Supplies,Art,80,60
TEC-CO-10001571,Technology,Copiers,440,420
FUR-FU-10003026,Furniture,Furnishings,20,20
OFF-ST-10001034,Office Supplies,Storage,80,70
TEC-AC-10000521,Technology,Accessories,10,10
OFF-SU-10003002,Office Supplies,Supplies,10,10
TEC-PH-10000730,Technology,Phones,500,450
FUR-CH-10004983,Furniture,Chairs,560,500
OFF-FA-10001332,Office Supplies,Fasteners,10,10
TEC-AC-10001874,Technology,Accessories,340,300
OFF-BI-10000494,Office Supplies,Binders,0,0
FUR-TA-10003469,Furniture,Tables,330,270
OFF-AR-10003179,Office Supplies,Art,40,40
FUR-CH-10003606,Furniture,Chairs,100,90
FUR-CH-10003298,Furniture,Chairs,520,450
OFF-LA-10003537,Office Supplies,Labels,30,20
OFF-PA-10000069,Office Supplies,Paper,20,20
OFF-PA-10004733,Office Supplies,Paper,20,20
TEC-AC-10004814,Technology,Accessories,170,140
OFF-SU-10002301,Office Supplies,Supplies,10,10
OFF-BI-10004318,Office Supplies,Binders,690,560
FUR-FU-10004164,Furniture,Furnishings,0,0
TEC-AC-10001539,Technology,Accessories,450,400
TEC-PH-10002789,Technology,Phones,120,110
OFF-BI-10004828,Office Supplies,Binders,40,30
OFF-AR-10001770,Office Supplies,Art,10,10
FUR-FU-10004904,Furniture,Furnishings,150,120
FUR-FU-10002396,Furniture,Furnishings,40,40
TEC-AC-10002331,Technology,Accessories,50,40
TEC-AC-10001090,Technology,Accessories,50,40
FUR-BO-10004218,Furniture,Bookcases,350,280
TEC-PH-10001619,Technology,Phones,470,420
OFF-PA-10000246,Office Supplies,Paper,20,20
OFF-PA-10001461,Office Supplies,Paper,30,30
OFF-AR-10004165,Office Supplies,Art,10,10
OFF-EN-10001028,Office Supplies,Envelopes,30,20
TEC-PH-10003535,Technology,Phones,160,130
FUR-FU-10001085,Furniture,Furnishings,40,40
OFF-AR-10003481,Office Supplies,Art,10,10
OFF-PA-10002606,Office Supplies,Paper,40,30
FUR-FU-10003731,Furniture,Furnishings,40,30
OFF-AP-10001962,Office Supplies,Appliances,40,30
FUR-FU-10003798,Furniture,Furnishings,80,70
OFF-AR-10002704,Office Supplies,Art,10,10
TEC-AC-10002942,Technology,Accessories,350,290
TEC-MA-10001016,Technology,Machines,290,240
TEC-AC-10001553,Technology,Accessories,100,90
FUR-FU-10001215,Furniture,Furnishings,470,380
OFF-PA-10002499,Office Supplies,Paper,100,90
TEC-PH-10003215,Technology,Phones,100,100
OFF-LA-10002945,Office Supplies,Labels,60,60
OFF-AR-10002766,Office Supplies,Art,20,20
TEC-PH-10004434,Technology,Phones,980,900
FUR-BO-10000711,Furniture,Bookcases,640,590
OFF-BI-10001120,Office Supplies,Binders,9450,8410
OFF-AP-10004655,Office Supplies,Appliances,0,0
FUR-BO-10004360,Furniture,Bookcases,160,130
TEC-AC-10000199,Technology,Accessories,20,20
TEC-MA-10001127,Technology,Machines,2620,2310
OFF-AR-10001227,Office Supplies,Art,10,10
FUR-CH-10000229,Furniture,Chairs,430,400
FUR-BO-10002853,Furniture,Bookcases,80,70
OFF-PA-10004022,Office Supplies,Paper,10,10
OFF-PA-10004248,Office Supplies,Paper,20,20
OFF-PA-10001363,Office Supplies,Paper,20,20
OFF-BI-10003876,Office Supplies,Binders,130,120
OFF-EN-10004007,Office Supplies,Envelopes,60,50
FUR-BO-10003894,Furniture,Bookcases,480,390
TEC-MA-10001570,Technology,Machines,390,370
FUR-FU-10003930,Furniture,Furnishings,90,80
OFF-PA-10000232,Office Supplies,Paper,20,20
OFF-AR-10001972,Office Supplies,Art,10,10
OFF-AR-10004587,Office Supplies,Art,20,20
OFF-AP-10001366,Office Supplies,Appliances,40,40
OFF-BI-10000216,Office Supplies,Binders,10,10
TEC-MA-10001047,Technology,Machines,9100,7640
OFF-LA-10003720,Office Supplies,Labels,0,0
TEC-MA-10003246,Technology,Machines,450,390
FUR-FU-10000175,Furniture,Furnishings,80,70
OFF-PA-10000556,Office Supplies,Paper,20,20
TEC-AC-10003237,Technology,Accessories,50,50
OFF-EN-10003068,Office Supplies,Envelopes,10,10
FUR-FU-10004053,Furniture,Furnishings,60,60
OFF-PA-10000565,Office Supplies,Paper,110,90
OFF-LA-10000414,Office Supplies,Labels,50,40
OFF-AP-10002998,Office Supplies,Appliances,100,90
FUR-BO-10004690,Furniture,Bookcases,380,360
OFF-AR-10002445,Office Supplies,Art,10,10
FUR-BO-10003546,Furniture,Bookcases,300,280
FUR-TA-10003392,Furniture,Tables,840,740
OFF-AR-10003217,Office Supplies,Art,30,30
OFF-ST-10001932,Office Supplies,Storage,970,870
OFF-AR-10001761,Office Supplies,Art,30,30
OFF-EN-10003567,Office Supplies,Envelopes,40,40
OFF-PA-10003022,Office Supplies,Paper,10,10
FUR-TA-10004442,Furniture,Tables,340,280
OFF-ST-10000129,Office Supplies,Storage,330,290
OFF-PA-10004948,Office Supplies,Paper,20,20
OFF-PA-10001725,Office Supplies,Paper,120,100
TEC-PH-10000213,Technology,Phones,170,160
OFF-PA-10000807,Office Supplies,Paper,20,20
OFF-ST-10003805,Office Supplies,Storage,1350,1190
OFF-PA-10004353,Office Supplies,Paper,100,90
OFF-EN-10004206,Office Supplies,Envelopes,330,280
OFF-LA-10003388,Office Supplies,Labels,10,10
TEC-PH-10000193,Technology,Phones,110,90
FUR-FU-10002111,Furniture,Furnishings,40,40
OFF-ST-10000885,Office Supplies,Storage,30,30
OFF-PA-10002709,Office Supplies,Paper,70,70
FUR-FU-10003424,Furniture,Furnishings,30,30
OFF-BI-10003718,Office Supplies,Binders,590,500
FUR-FU-10002508,Furniture,Furnishings,30,30
OFF-AP-10004052,Office Supplies,Appliances,10,10
OFF-PA-10003134,Office Supplies,Paper,150,140
FUR-FU-10000719,Furniture,Furnishings,20,20
FUR-BO-10003893,Furniture,Bookcases,590,470
TEC-CO-10001943,Technology,Copiers,1600,1410
FUR-CH-10000749,Furniture,Chairs,580,510
OFF-PA-10003228,Office Supplies,Paper,440,410
TEC-AC-10001542,Technology,Accessories,30,30
TEC-AC-10004877,Technology,Accessories,80,70
TEC-PH-10001305,Technology,Phones,440,390
OFF-PA-10000483,Office Supplies,Paper,60,60
TEC-AC-10000487,Technology,Accessories,20,20
TEC-AC-10002018,Technology,Accessories,20,20
OFF-PA-10004381,Office Supplies,Paper,120,110
OFF-EN-10001453,Office Supplies,Envelopes,180,150
OFF-SU-10001212,Office Supplies,Supplies,10,10
OFF-BI-10000201,Office Supplies,Binders,0,0
TEC-AC-10004396,Technology,Accessories,60,50
OFF-AR-10002467,Office Supplies,Art,0,0
FUR-FU-10002813,Furniture,Furnishings,50,50
TEC-MA-10000752,Technology,Machines,30,30
FUR-FU-10004845,Furniture,Furnishings,460,390
OFF-FA-10000840,Office Supplies,Fasteners,0,0
OFF-AR-10001231,Office Supplies,Art,0,0
TEC-PH-10004875,Technology,Phones,10,10
FUR-CH-10001802,Furniture,Chairs,250,220
TEC-PH-10003356,Technology,Phones,20,20
OFF-AP-10002670,Office Supplies,Appliances,70,60
OFF-FA-10003485,Office Supplies,Fasteners,20,20
OFF-AP-10000390,Office Supplies,Appliances,50,40
OFF-PA-10002764,Office Supplies,Paper,60,50
OFF-PA-10000143,Office Supplies,Paper,10,10
TEC-MA-10000045,Technology,Machines,2320,1930
OFF-ST-10000136,Office Supplies,Storage,220,200
TEC-PH-10004522,Technology,Phones,210,190
TEC-PH-10002584,Technology,Phones,1500,1250
FUR-CH-10004626,Furniture,Chairs,300,280
TEC-PH-10000562,Technology,Phones,470,390
FUR-FU-10001025,Furniture,Furnishings,20,20
OFF-LA-10004178,Office Supplies,Labels,0,0
OFF-PA-10003797,Office Supplies,Paper,20,20
OFF-EN-10003448,Office Supplies,Envelopes,20,20
OFF-AP-10000938,Office Supplies,Appliances,710,640
OFF-SU-10004737,Office Supplies,Supplies,10,10
FUR-TA-10001691,Furniture,Tables,140,130
TEC-MA-10003173,Technology,Machines,50,40
OFF-LA-10000305,Office Supplies,Labels,50,50
TEC-PH-10002583,Technology,Phones,40,30
OFF-AR-10003876,Office Supplies,Art,10,10
OFF-PA-10003063,Office Supplies,Paper,10,10
OFF-PA-10003302,Office Supplies,Paper,90,80
TEC-MA-10000423,Technology,Machines,110,100
TEC-AC-10004992,Technology,Accessories,100,80
OFF-BI-10004099,Office Supplies,Binders,20,20
OFF-PA-10001215,Office Supplies,Paper,30,30
TEC-AC-10003870,Technology,Accessories,1650,1450
OFF-AP-10000275,Office Supplies,Appliances,1640,1390
FUR-FU-10003192,Furniture,Furnishings,210,170
OFF-PA-10000859,Office Supplies,Paper,10,10
OFF-AR-10000614,Office Supplies,Art,10,10
OFF-FA-10000089,Office Supplies,Fasteners,20,20
FUR-TA-10001771,Furniture,Tables,1480,1320
FUR-CH-10002044,Furniture,Chairs,420,360
FUR-TA-10001086,Furniture,Tables,460,430
OFF-PA-10000048,Office Supplies,Paper,10,10
TEC-MA-10002109,Technology,Machines,210,170
OFF-PA-10003036,Office Supplies,Paper,20,20
TEC-PH-10001870,Technology,Phones,40,40
OFF-ST-10002182,Office Supplies,Storage,80,60
TEC-PH-10001468,Technology,Phones,550,450
OFF-AR-10004010,Office Supplies,Art,60,60
OFF-ST-10003572,Office Supplies,Storage,10,10
OFF-ST-10003994,Office Supplies,Storage,120,110
FUR-CH-10001545,Furniture,Chairs,270,260
FUR-FU-10004245,Furniture,Furnishings,60,60
OFF-EN-10002592,Office Supplies,Envelopes,60,50
OFF-AR-10000914,Office Supplies,Art,20,20
OFF-LA-10003498,Office Supplies,Labels,40,40
TEC-MA-10003329,Technology,Machines,70,70
FUR-FU-10000747,Furniture,Furnishings,90,80
TEC-PH-10004100,Technology,Phones,60,50
OFF-ST-10000636,Office Supplies,Storage,80,80
TEC-PH-10003174,Technology,Phones,420,340
OFF-PA-10001497,Office Supplies,Paper,110,100
OFF-PA-10001952,Office Supplies,Paper,50,40
OFF-SU-10004661,Office Supplies,Supplies,30,20
OFF-PA-10001826,Office Supplies,Paper,20,20
TEC-MA-10001031,Technology,Machines,510,460
TEC-MA-10003176,Technology,Machines,340,290
TEC-AC-10002647,Technology,Accessories,210,180
TEC-PH-10002114,Technology,Phones,2280,2170
OFF-PA-10001593,Office Supplies,Paper,10,10
TEC-AC-10004803,Technology,Accessories,170,160
OFF-PA-10001801,Office Supplies,Paper,20,20
TEC-PH-10000127,Technology,Phones,80,60
OFF-AP-10001564,Office Supplies,Appliances,470,390
TEC-AC-10004595,Technology,Accessories,430,400
FUR-FU-10002874,Furniture,Furnishings,60,50
FUR-FU-10003489,Furniture,Furnishings,30,30
TEC-MA-10002073,Technology,Machines,1040,880
TEC-PH-10004006,Technology,Phones,40,40
OFF-BI-10000279,Office Supplies,Binders,20,20
OFF-PA-10000300,Office Supplies,Paper,50,50
OFF-BI-10004308,Office Supplies,Binders,10,10
TEC-PH-10004080,Technology,Phones,120,100
OFF-PA-10001260,Office Supplies,Paper,60,50
OFF-ST-10004946,Office Supplies,Storage,220,190
OFF-PA-10002109,Office Supplies,Paper,0,0
TEC-MA-10004255,Technology,Machines,320,270
FUR-FU-10003095,Furniture,Furnishings,100,90
FUR-FU-10000820,Furniture,Furnishings,70,60
TEC-MA-10002930,Technology,Machines,80,70
OFF-PA-10003205,Office Supplies,Paper,20,20
OFF-LA-10002368,Office Supplies,Labels,10,10
TEC-MA-10003230,Technology,Machines,1360,1180
OFF-PA-10000295,Office Supplies,Paper,40,30
OFF-SU-10004884,Office Supplies,Supplies,40,40
FUR-FU-10002240,Furniture,Furnishings,10,10
FUR-FU-10001057,Furniture,Furnishings,130,110
FUR-CH-10002073,Furniture,Chairs,1060,910
OFF-AP-10003278,Office Supplies,Appliances,10,10
TEC-PH-10002070,Technology,Phones,10,10
FUR-FU-10000277,Furniture,Furnishings,80,70
TEC-AC-10004420,Technology,Accessories,480,410
TEC-PH-10004094,Technology,Phones,620,580
TEC-MA-10002790,Technology,Machines,480,460
OFF-AP-10001634,Office Supplies,Appliances,0,0
OFF-PA-10001837,Office Supplies,Paper,20,20
OFF-AR-10003896,Office Supplies,Art,20,20
OFF-BI-10002897,Office Supplies,Binders,10,10
OFF-PA-10001243,Office Supplies,Paper,10,10
FUR-FU-10003806,Furniture,Furnishings,760,650
TEC-MA-10000904,Technology,Machines,340,270
OFF-LA-10002473,Office Supplies,Labels,10,10
FUR-FU-10003374,Furniture,Furnishings,320,290
TEC-MA-10001856,Technology,Machines,650,590
OFF-ST-10003641,Office Supplies,Storage,130,110
OFF-AR-10004707,Office Supplies,Art,0,0
TEC-MA-10004086,Technology,Machines,30,30
TEC-MA-10001695,Technology,Machines,700,620
FUR-FU-10002506,Furniture,Furnishings,40,30
TEC-AC-10004518,Technology,Accessories,160,130
OFF-AP-10000027,Office Supplies,Appliances,40,30
OFF-PA-10002558,Office Supplies,Paper,270,230
TEC-AC-10000926,Technology,Accessories,60,50
OFF-PA-10001846,Office Supplies,Paper,20,20
TEC-MA-10003673,Technology,Machines,3400,3130
FUR-BO-10001567,Furniture,Bookcases,90,80
FUR-FU-10001379,Furniture,Furnishings,30,20
TEC-MA-10000984,Technology,Machines,3360,3190
OFF-AR-10000937,Office Supplies,Art,180,170
FUR-FU-10002030,Furniture,Furnishings,40,40
OFF-FA-10000254,Office Supplies,Fasteners,20,20
OFF-AP-10004136,Office Supplies,Appliances,120,110
TEC-AC-10002370,Technology,Accessories,10,10
OFF-AR-10003986,Office Supplies,Art,10,10
OFF-SU-10004290,Office Supplies,Supplies,30,30
TEC-MA-10004552,Technology,Machines,1040,830
OFF-PA-10000312,Office Supplies,Paper,90,70
OFF-PA-10001001,Office Supplies,Paper,90,80
OFF-PA-10001583,Office Supplies,Paper,40,30
TEC-MA-10002694,Technology,Machines,100,90
TEC-MA-10004626,Technology,Machines,480,400
TEC-PH-10004241,Technology,Phones,1440,1320
OFF-SU-10003936,Office Supplies,Supplies,10,10
TEC-MA-10003337,Technology,Machines,180,150
OFF-PA-10000210,Office Supplies,Paper,100,90
OFF-AR-10003477,Office Supplies,Art,10,10
FUR-CH-10002317,Furniture,Chairs,210,180
OFF-LA-10004677,Office Supplies,Labels,20,20
FUR-CH-10002780,Furniture,Chairs,160,150
OFF-EN-10001535,Office Supplies,Envelopes,10,10
TEC-MA-10003493,Technology,Machines,90,70
TEC-AC-10002380,Technology,Accessories,30,20
TEC-PH-10002817,Technology,Phones,320,280
TEC-MA-10003589,Technology,Machines,220,200
OFF-AP-10003099,Office Supplies,Appliances,200,160
TEC-PH-10002645,Technology,Phones,1500,1280
OFF-ST-10001627,Office Supplies,Storage,40,30
